<doc:document xmlns:doc="http://www.elsevier.com/xml/document/schema" xmlns:dp="http://www.elsevier.com/xml/common/doc-properties/schema" xmlns:cps="http://www.elsevier.com/xml/common/consyn-properties/schema" xmlns:rdf="http://www.w3.org/1999/02/22-rdf-syntax-ns#" xmlns:dct="http://purl.org/dc/terms/" xmlns:prism="http://prismstandard.org/namespaces/basic/2.0/" xmlns:oa="http://vtw.elsevier.com/data/ns/properties/OpenAccess-1/" xmlns:cp="http://vtw.elsevier.com/data/ns/properties/Copyright-1/" xmlns:cja="http://www.elsevier.com/xml/cja/schema" xmlns:ja="http://www.elsevier.com/xml/ja/schema" xmlns:bk="http://www.elsevier.com/xml/bk/schema" xmlns:ce="http://www.elsevier.com/xml/common/schema" xmlns:mml="http://www.w3.org/1998/Math/MathML" xmlns:cals="http://www.elsevier.com/xml/common/cals/schema" xmlns:tb="http://www.elsevier.com/xml/common/table/schema" xmlns:sa="http://www.elsevier.com/xml/common/struct-aff/schema" xmlns:sb="http://www.elsevier.com/xml/common/struct-bib/schema" xmlns:xlink="http://www.w3.org/1999/xlink"><rdf:RDF><rdf:Description rdf:about="http://dx.doi.org/10.1016/j.limno.2017.04.006"><dct:format>application/xml</dct:format><dct:title>Flow reversals in groundwater&#x2013;lake interactions: A natural tracer study using &#x03b4;18O</dct:title><dct:creator>Mithra-Christin Hajati</dct:creator><dct:creator>Mette Frandsen</dct:creator><dct:creator>Ole Pedersen</dct:creator><dct:creator>Bertel Nilsson</dct:creator><dct:creator>Carlos Duque</dct:creator><dct:creator>Peter Engesgaard</dct:creator><dct:subject><rdf:Bag><rdf:li>Groundwater &#x2013; lake water interaction</rdf:li><rdf:li>Flow reversal</rdf:li><rdf:li>Recharge&#x2013;discharge lake</rdf:li><rdf:li>Groundwater divide</rdf:li><rdf:li>&#x03b4;18O</rdf:li><rdf:li>Tracer</rdf:li><rdf:li>FEFLOW</rdf:li></rdf:Bag></dct:subject><dct:description>Limnologica 68 (2018) 26-35. doi:10.1016/j.limno.2017.04.006</dct:description><prism:aggregationType>journal</prism:aggregationType><prism:publicationName>Limnologica</prism:publicationName><prism:copyright>&#169; 2017 Elsevier GmbH. All rights reserved.</prism:copyright><dct:publisher>Elsevier GmbH</dct:publisher><prism:issn>0075-9511</prism:issn><prism:volume>68</prism:volume><prism:coverDisplayDate>January 2018</prism:coverDisplayDate><prism:issueName>Special Issue on Aquatic interfaces and linkages: An emerging topic of interdisciplinary research</prism:issueName><prism:pageRange>26-35</prism:pageRange><prism:startingPage>26</prism:startingPage><prism:endingPage>35</prism:endingPage><prism:doi>10.1016/j.limno.2017.04.006</prism:doi><prism:url>http://dx.doi.org/10.1016/j.limno.2017.04.006</prism:url><dct:identifier>doi:10.1016/j.limno.2017.04.006</dct:identifier></rdf:Description></rdf:RDF><dp:document-properties><dp:aggregation-type>Journals</dp:aggregation-type><dp:version-number>S300.1</dp:version-number></dp:document-properties><ja:article version="5.4" xml:lang="en" docsubtype="fla"><ja:item-info><ja:jid>LIMNO</ja:jid><ja:aid>25582</ja:aid><ce:pii>S0075-9511(17)30118-4</ce:pii><ce:doi>10.1016/j.limno.2017.04.006</ce:doi><ce:copyright type="full-transfer" year="2017">Elsevier GmbH</ce:copyright></ja:item-info><ja:head><ce:title id="tit0005">Flow reversals in groundwater&#x2013;lake interactions: A natural tracer study using <ce:italic>&#x03b4;</ce:italic><ce:sup loc="post">18</ce:sup>O</ce:title><ce:author-group id="aug0005"><ce:author id="aut0005" author-id="S0075951117301184-cd42b812b04fe23e3d62832d3c4445f7"><ce:given-name>Mithra-Christin</ce:given-name><ce:surname>Hajati</ce:surname><ce:cross-ref refid="aff0005"><ce:sup loc="post">a</ce:sup></ce:cross-ref><ce:cross-ref refid="cor0005"><ce:sup loc="post">&#x204e;</ce:sup></ce:cross-ref><ce:e-address id="eadd0005" type="email">m.hajati@posteo.de</ce:e-address></ce:author><ce:author id="aut0010" author-id="S0075951117301184-81b6edb5eb5493cf6d478e5a29ceb864"><ce:given-name>Mette</ce:given-name><ce:surname>Frandsen</ce:surname><ce:cross-ref refid="aff0010"><ce:sup loc="post">b</ce:sup></ce:cross-ref><ce:cross-ref refid="aff0015"><ce:sup loc="post">c</ce:sup></ce:cross-ref></ce:author><ce:author id="aut0015" orcid="0000-0002-0827-946X" author-id="S0075951117301184-ce00a6379c1ff355c33496d3277b787f"><ce:given-name>Ole</ce:given-name><ce:surname>Pedersen</ce:surname><ce:cross-ref refid="aff0010"><ce:sup loc="post">b</ce:sup></ce:cross-ref></ce:author><ce:author id="aut0020" author-id="S0075951117301184-602e4424666c46a05f7dfec24c9c9e5a"><ce:given-name>Bertel</ce:given-name><ce:surname>Nilsson</ce:surname><ce:cross-ref refid="aff0015"><ce:sup loc="post">c</ce:sup></ce:cross-ref></ce:author><ce:author id="aut0025" author-id="S0075951117301184-d8042a47ee457ece352cf2ad72653e15"><ce:given-name>Carlos</ce:given-name><ce:surname>Duque</ce:surname><ce:cross-ref refid="aff0020"><ce:sup loc="post">d</ce:sup></ce:cross-ref><ce:cross-ref refid="aff0025"><ce:sup loc="post">e</ce:sup></ce:cross-ref></ce:author><ce:author id="aut0030" author-id="S0075951117301184-759ca976855382f54f5c2c30bebc6b15"><ce:given-name>Peter</ce:given-name><ce:surname>Engesgaard</ce:surname><ce:cross-ref refid="aff0020"><ce:sup loc="post">d</ce:sup></ce:cross-ref></ce:author><ce:affiliation id="aff0005"><ce:label>a</ce:label><ce:textfn>Department of Biogeochemistry/Geology, Leibniz Center for Tropical Marine Ecology (ZMT), Fahrenheitstra&#223;e 6, 28359 Bremen, Germany</ce:textfn><sa:affiliation><sa:organization>Department of Biogeochemistry/Geology, Leibniz Center for Tropical Marine Ecology (ZMT)</sa:organization><sa:address-line>Fahrenheitstra&#223;e 6</sa:address-line><sa:city>Bremen</sa:city><sa:postal-code>28359</sa:postal-code><sa:country>Germany</sa:country></sa:affiliation></ce:affiliation><ce:affiliation id="aff0010"><ce:label>b</ce:label><ce:textfn>Department of Biology, University of Copenhagen, Universitetsparken 4, 2100 K Copenhagen, Denmark</ce:textfn><sa:affiliation><sa:organization>Department of Biology, University of Copenhagen</sa:organization><sa:address-line>Universitetsparken 4</sa:address-line><sa:city>Copenhagen</sa:city><sa:postal-code>2100 K</sa:postal-code><sa:country>Denmark</sa:country></sa:affiliation></ce:affiliation><ce:affiliation id="aff0015"><ce:label>c</ce:label><ce:textfn>Geological Survey of Denmark and Greenland, &#216;ster Voldgade 10, 1350 K Copenhagen, Denmark</ce:textfn><sa:affiliation><sa:organization>Geological Survey of Denmark and Greenland</sa:organization><sa:address-line>&#216;ster Voldgade 10</sa:address-line><sa:city>Copenhagen</sa:city><sa:postal-code>1350 K</sa:postal-code><sa:country>Denmark</sa:country></sa:affiliation></ce:affiliation><ce:affiliation id="aff0020"><ce:label>d</ce:label><ce:textfn>Department of Geosciences and Natural Resource Management, University of Copenhagen, &#216;ster Voldgade 10, 1350 Copenhagen, Denmark</ce:textfn><sa:affiliation><sa:organization>Department of Geosciences and Natural Resource Management, University of Copenhagen</sa:organization><sa:address-line>&#216;ster Voldgade 10</sa:address-line><sa:city>Copenhagen</sa:city><sa:postal-code>1350</sa:postal-code><sa:country>Denmark</sa:country></sa:affiliation></ce:affiliation><ce:affiliation id="aff0025"><ce:label>e</ce:label><ce:textfn>Department of Geological Sciences, University of Delaware, 255 Academy Street, 19716 Newark, USA</ce:textfn><sa:affiliation><sa:organization>Department of Geological Sciences, University of Delaware</sa:organization><sa:address-line>255 Academy Street</sa:address-line><sa:city>Newark</sa:city><sa:postal-code>19716</sa:postal-code><sa:country>USA</sa:country></sa:affiliation></ce:affiliation><ce:correspondence id="cor0005"><ce:label>&#x204e;</ce:label><ce:text>Corresponding author.</ce:text></ce:correspondence></ce:author-group><ce:date-received day="1" month="6" year="2016"/><ce:date-revised day="12" month="4" year="2017"/><ce:date-accepted day="18" month="4" year="2017"/><ce:abstract id="abs0005" view="all" class="author"><ce:section-title id="sect0005">Abstract</ce:section-title><ce:abstract-sec id="abst0005" view="all"><ce:simple-para id="spar0060" view="all">Lake Hampen, (Central Jutland, Denmark) is located high in the landscape near a seasonal moving groundwater divide. The lake is regarded as a flow-through lake during average to wet weather conditions with a large catchment making the lake groundwater-dominated. Monitoring of <ce:italic>&#x03b4;</ce:italic><ce:sup loc="post">18</ce:sup>O in mini-piezometers in the lake bed and wells at the lake shore and in the catchment was used to investigate changes in groundwater&#x2013;lake interaction as a result of three years with below-average precipitation (2009&#x2013;2011). It is demonstrated that the lake experienced a flow reversal, where the lake switched to being mainly a recharge lake during this period, before returning to a flow-through lake in early 2012. The observations correlate well with observed changes in hydraulic gradients. A 2D groundwater flow and transport model was used to simulate this natural tracer experiment in order to evaluate the extent and timing of the flow reversal as well as supply information during periods, where there were no <ce:italic>&#x03b4;</ce:italic><ce:sup loc="post">18</ce:sup>O and hydraulic head data. The results show that <ce:italic>&#x03b4;</ce:italic><ce:sup loc="post">18</ce:sup>O is a robust tracer for tracking the extent of flow reversals. Furthermore, time series of hydraulic heads (2007&#x2013;2013) demonstrate that the lake experienced short-lived annual flow reversals typically during late summer.</ce:simple-para></ce:abstract-sec></ce:abstract><ce:keywords id="kwd0005" class="keyword" view="all"><ce:section-title id="sect0010">Keywords</ce:section-title><ce:keyword id="kw0005"><ce:text>Groundwater &#x2013; lake water interaction</ce:text></ce:keyword><ce:keyword id="kw0010"><ce:text>Flow reversal</ce:text></ce:keyword><ce:keyword id="kw0015"><ce:text>Recharge&#x2013;discharge lake</ce:text></ce:keyword><ce:keyword id="kw0020"><ce:text>Groundwater divide</ce:text></ce:keyword><ce:keyword id="kw0025"><ce:text><ce:italic>&#x03b4;</ce:italic><ce:sup loc="post">18</ce:sup>O</ce:text></ce:keyword><ce:keyword id="kw0030"><ce:text>Tracer</ce:text></ce:keyword><ce:keyword id="kw0035"><ce:text>FEFLOW</ce:text></ce:keyword></ce:keywords></ja:head></ja:article></doc:document>
