<doc:document xmlns:doc="http://www.elsevier.com/xml/document/schema" xmlns:dp="http://www.elsevier.com/xml/common/doc-properties/schema" xmlns:cps="http://www.elsevier.com/xml/common/consyn-properties/schema" xmlns:rdf="http://www.w3.org/1999/02/22-rdf-syntax-ns#" xmlns:dct="http://purl.org/dc/terms/" xmlns:prism="http://prismstandard.org/namespaces/basic/2.0/" xmlns:oa="http://vtw.elsevier.com/data/ns/properties/OpenAccess-1/" xmlns:cp="http://vtw.elsevier.com/data/ns/properties/Copyright-1/" xmlns:cja="http://www.elsevier.com/xml/cja/schema" xmlns:ja="http://www.elsevier.com/xml/ja/schema" xmlns:bk="http://www.elsevier.com/xml/bk/schema" xmlns:ce="http://www.elsevier.com/xml/common/schema" xmlns:mml="http://www.w3.org/1998/Math/MathML" xmlns:cals="http://www.elsevier.com/xml/common/cals/schema" xmlns:tb="http://www.elsevier.com/xml/common/table/schema" xmlns:sa="http://www.elsevier.com/xml/common/struct-aff/schema" xmlns:sb="http://www.elsevier.com/xml/common/struct-bib/schema" xmlns:xlink="http://www.w3.org/1999/xlink"><rdf:RDF><rdf:Description rdf:about="http://dx.doi.org/10.1016/j.limno.2017.08.003"><dct:format>application/xml</dct:format><dct:title>Low flow controls on stream thermal dynamics</dct:title><dct:creator>Silvia Folegot</dct:creator><dct:creator>David M. Hannah</dct:creator><dct:creator>Stephen J. Dugdale</dct:creator><dct:creator>Marie J. Kurz</dct:creator><dct:creator>Jennifer D. Drummond</dct:creator><dct:creator>Megan J. Klaar</dct:creator><dct:creator>Joseph Lee-Cullin</dct:creator><dct:creator>Toralf Keller</dct:creator><dct:creator>Eug&#232;nia Mart&#237;</dct:creator><dct:creator>Jay P. Zarnetske</dct:creator><dct:creator>Adam S. Ward</dct:creator><dct:creator>Stefan Krause</dct:creator><dct:subject><rdf:Bag><rdf:li>Sediment-water interface</rdf:li><rdf:li>Water level fluctuations</rdf:li><rdf:li>Temporal-spatial temperature patterns</rdf:li><rdf:li>FO-DTS</rdf:li><rdf:li>Macrophytes shading</rdf:li><rdf:li>Habitat complexity</rdf:li></rdf:Bag></dct:subject><dct:description>Limnologica 68 (2018) 157-167. doi:10.1016/j.limno.2017.08.003</dct:description><prism:aggregationType>journal</prism:aggregationType><prism:publicationName>Limnologica</prism:publicationName><prism:copyright>&#169; 2017 Elsevier GmbH. All rights reserved.</prism:copyright><dct:publisher>Elsevier GmbH</dct:publisher><prism:issn>0075-9511</prism:issn><prism:volume>68</prism:volume><prism:coverDisplayDate>January 2018</prism:coverDisplayDate><prism:issueName>Special Issue on Aquatic interfaces and linkages: An emerging topic of interdisciplinary research</prism:issueName><prism:pageRange>157-167</prism:pageRange><prism:startingPage>157</prism:startingPage><prism:endingPage>167</prism:endingPage><prism:doi>10.1016/j.limno.2017.08.003</prism:doi><prism:url>http://dx.doi.org/10.1016/j.limno.2017.08.003</prism:url><dct:identifier>doi:10.1016/j.limno.2017.08.003</dct:identifier></rdf:Description></rdf:RDF><dp:document-properties><dp:aggregation-type>Journals</dp:aggregation-type><dp:version-number>S300.1</dp:version-number></dp:document-properties><ja:article version="5.5" xml:lang="en" docsubtype="fla"><ja:item-info><ja:jid>LIMNO</ja:jid><ja:aid>25603</ja:aid><ce:pii>S0075-9511(16)30050-0</ce:pii><ce:doi>10.1016/j.limno.2017.08.003</ce:doi><ce:copyright type="full-transfer" year="2017">Elsevier GmbH</ce:copyright></ja:item-info><ja:head><ce:title id="tit0005">Low flow controls on stream thermal dynamics</ce:title><ce:author-group id="aug0005"><ce:author id="aut0005" author-id="S0075951116300500-8eec7ddcf871fd2c4e8891fc1bd6e3a6"><ce:given-name>Silvia</ce:given-name><ce:surname>Folegot</ce:surname><ce:cross-ref refid="aff0005"><ce:sup loc="post">a</ce:sup></ce:cross-ref><ce:cross-ref refid="cor0005"><ce:sup loc="post">&#x204e;</ce:sup></ce:cross-ref><ce:e-address id="eadd0005" type="email" xlink:href="mailto:SXF356@student.bham.ac.uk">SXF356@student.bham.ac.uk</ce:e-address></ce:author><ce:author id="aut0010" author-id="S0075951116300500-172f2ce619353de9afe11bbe4e8c7d49"><ce:given-name>David M.</ce:given-name><ce:surname>Hannah</ce:surname><ce:cross-ref refid="aff0005"><ce:sup loc="post">a</ce:sup></ce:cross-ref></ce:author><ce:author id="aut0015" author-id="S0075951116300500-cdad73db81772cad4ee1fedc8c4e8940"><ce:given-name>Stephen J.</ce:given-name><ce:surname>Dugdale</ce:surname><ce:cross-ref refid="aff0005"><ce:sup loc="post">a</ce:sup></ce:cross-ref></ce:author><ce:author id="aut0020" author-id="S0075951116300500-c638f0380edbfcf3705789b60f9123df"><ce:given-name>Marie J.</ce:given-name><ce:surname>Kurz</ce:surname><ce:cross-ref refid="aff0010"><ce:sup loc="post">b</ce:sup></ce:cross-ref><ce:cross-ref refid="aff0015"><ce:sup loc="post">c</ce:sup></ce:cross-ref></ce:author><ce:author id="aut0025" author-id="S0075951116300500-bd0cdcc3f6ccc64794792334daa5167d"><ce:given-name>Jennifer D.</ce:given-name><ce:surname>Drummond</ce:surname><ce:cross-ref refid="aff0020"><ce:sup loc="post">d</ce:sup></ce:cross-ref></ce:author><ce:author id="aut0030" author-id="S0075951116300500-fdad1ee51f817b50dc3cc8150323d874"><ce:given-name>Megan J.</ce:given-name><ce:surname>Klaar</ce:surname><ce:cross-ref refid="aff0005"><ce:sup loc="post">a</ce:sup></ce:cross-ref><ce:cross-ref refid="aff0025"><ce:sup loc="post">e</ce:sup></ce:cross-ref></ce:author><ce:author id="aut0035" author-id="S0075951116300500-d1451d22c1b31c2e5a6c5120f22ffcfc"><ce:given-name>Joseph</ce:given-name><ce:surname>Lee-Cullin</ce:surname><ce:cross-ref refid="aff0030"><ce:sup loc="post">f</ce:sup></ce:cross-ref></ce:author><ce:author id="aut0040" author-id="S0075951116300500-a47004ae83ff4df1d2f751c45c536aac"><ce:given-name>Toralf</ce:given-name><ce:surname>Keller</ce:surname><ce:cross-ref refid="aff0010"><ce:sup loc="post">b</ce:sup></ce:cross-ref></ce:author><ce:author id="aut0045" author-id="S0075951116300500-13ec1958b676329c199f5cf63c2dc8b0"><ce:given-name>Eug&#232;nia</ce:given-name><ce:surname>Mart&#237;</ce:surname><ce:cross-ref refid="aff0020"><ce:sup loc="post">d</ce:sup></ce:cross-ref></ce:author><ce:author id="aut0050" author-id="S0075951116300500-fe053c0c4c41257857d86e6d3f53a752"><ce:given-name>Jay P.</ce:given-name><ce:surname>Zarnetske</ce:surname><ce:cross-ref refid="aff0030"><ce:sup loc="post">f</ce:sup></ce:cross-ref></ce:author><ce:author id="aut0055" author-id="S0075951116300500-17f8b87cd25807a6538b98c3761f5e34"><ce:given-name>Adam S.</ce:given-name><ce:surname>Ward</ce:surname><ce:cross-ref refid="aff0035"><ce:sup loc="post">g</ce:sup></ce:cross-ref></ce:author><ce:author id="aut0060" author-id="S0075951116300500-ee052f82ec31e3bbbdea2fc5a8deb11c"><ce:given-name>Stefan</ce:given-name><ce:surname>Krause</ce:surname><ce:cross-ref refid="aff0005"><ce:sup loc="post">a</ce:sup></ce:cross-ref></ce:author><ce:affiliation id="aff0005" affiliation-id="S0075951116300500-4ad75144e0852effe601cdaa83529ab2"><ce:label>a</ce:label><ce:textfn>School of Geography, Earth and Environmental Sciences, University of Birmingham, Edgbaston, Birmingham B15 2TT, UK</ce:textfn><sa:affiliation><sa:organization>School of Geography</sa:organization><sa:organization>Earth and Environmental Sciences</sa:organization><sa:organization>University of Birmingham</sa:organization><sa:address-line>Edgbaston</sa:address-line><sa:city>Birmingham</sa:city><sa:postal-code>B15 2TT</sa:postal-code><sa:country>UK</sa:country></sa:affiliation></ce:affiliation><ce:affiliation id="aff0010" affiliation-id="S0075951116300500-9991d62fb3bb0db02a7167020e7f74b1"><ce:label>b</ce:label><ce:textfn>Department of Hydrogeology, Helmholtz Centre for Environmental Research-UFZ, Leipzig, Germany</ce:textfn><sa:affiliation><sa:organization>Department of Hydrogeology</sa:organization><sa:organization>Helmholtz Centre for Environmental Research-UFZ</sa:organization><sa:city>Leipzig</sa:city><sa:country>Germany</sa:country></sa:affiliation></ce:affiliation><ce:affiliation id="aff0015" affiliation-id="S0075951116300500-d9c349fd103209fad2849c25d5636376"><ce:label>c</ce:label><ce:textfn>Patrick Center for Environmental Research, The Academy of Natural Sciences of Drexel University, Philadelphia, PA, USA</ce:textfn><sa:affiliation><sa:organization>Patrick Center for Environmental Research</sa:organization><sa:organization>The Academy of Natural Sciences of Drexel University</sa:organization><sa:city>Philadelphia</sa:city><sa:state>PA</sa:state><sa:country>USA</sa:country></sa:affiliation></ce:affiliation><ce:affiliation id="aff0020" affiliation-id="S0075951116300500-9973c3a65547330ab218e3f41e0e52c0"><ce:label>d</ce:label><ce:textfn>Centre for Advanced Studies of Blanes (CEAB-CSIC), Blanes, Girona, Spain</ce:textfn><sa:affiliation><sa:organization>Centre for Advanced Studies of Blanes (CEAB-CSIC)</sa:organization><sa:city>Blanes</sa:city><sa:state>Girona</sa:state><sa:country>Spain</sa:country></sa:affiliation></ce:affiliation><ce:affiliation id="aff0025" affiliation-id="S0075951116300500-3a4290c66277839de05727d44fd577fd"><ce:label>e</ce:label><ce:textfn>School of Geography, University of Leeds, LS2 9JT Leeds, UK</ce:textfn><sa:affiliation><sa:organization>School of Geography</sa:organization><sa:organization>University of Leeds</sa:organization><sa:city>Leeds</sa:city><sa:postal-code>LS2 9JT</sa:postal-code><sa:country>UK</sa:country></sa:affiliation></ce:affiliation><ce:affiliation id="aff0030" affiliation-id="S0075951116300500-f1a2d03f8e4f86ffcc7f97aad2a8e09d"><ce:label>f</ce:label><ce:textfn>Department of Earth and Environmental Sciences, Michigan State University, East Lansing, MI, USA</ce:textfn><sa:affiliation><sa:organization>Department of Earth and Environmental Sciences</sa:organization><sa:organization>Michigan State University</sa:organization><sa:city>East Lansing</sa:city><sa:state>MI</sa:state><sa:country>USA</sa:country></sa:affiliation></ce:affiliation><ce:affiliation id="aff0035" affiliation-id="S0075951116300500-2e990748cac4f9c6f8f7d102d183f855"><ce:label>g</ce:label><ce:textfn>School of Public and Environmental Affairs, Indiana University, Bloomington, IN, USA</ce:textfn><sa:affiliation><sa:organization>School of Public and Environmental Affairs</sa:organization><sa:organization>Indiana University</sa:organization><sa:city>Bloomington</sa:city><sa:state>IN</sa:state><sa:country>USA</sa:country></sa:affiliation></ce:affiliation><ce:correspondence id="cor0005"><ce:label>&#x204e;</ce:label><ce:text>Corresponding author.</ce:text></ce:correspondence></ce:author-group><ce:date-received day="22" month="6" year="2016"/><ce:date-revised day="22" month="5" year="2017"/><ce:date-accepted day="7" month="8" year="2017"/><ce:abstract id="abs0005" view="all" class="author"><ce:section-title id="sect0005">Abstract</ce:section-title><ce:abstract-sec id="abst0005" view="all"><ce:simple-para id="spar0060" view="all">Water level fluctuations in surface water bodies, and in particular low flow drought conditions, are expected to become more frequent and more severe in the future due to the impacts of global environmental change. Variations in water level, and therefore in-channel water volume, not only have the potential to directly impact stream temperature, but also aquatic vegetation coverage which, in turn, may affect stream temperature patterns and dynamics. Manipulation experiments provide a systematic approach to investigate the multiple environmental controls on stream temperature patterns. This study aims to use temperature data loggers and fibre optic distributed temperature sensing (FO-DTS) to investigate potential drought impacts on patterns in surface water and streambed temperature as a function of change in water column depth. To quantify the joint impacts of water level and associated vegetation coverage on stream temperatures, investigations were conducted in outdoor flumes using identical pool-riffle-pool features, but with spatially variable water levels representative of different drought severity conditions. Naturally evolved vegetation growth in the flumes ranged from sparse vegetation coverage in the shallow flumes to dense colonization in the deepest. Observed surface water and streambed temperature patterns differed significantly within the range of water levels and degrees of vegetation coverage studied. Streambed temperature patterns were more pronounced in the shallowest flume, with minimum and maximum temperature values and diurnal temperature variation being more intensively affected by variation in meteorological conditions than daily average temperatures. Spatial patterns in streambed temperature correlated strongly with morphologic features in all flumes, with riffles coinciding with the highest temperatures, and pools representing areas with the lowest temperatures. In particular, the shallowest flume (comprising multiple exposed features) exhibited a maximum upstream-downstream temperature warming of 3.3<ce:hsp sp="0.25"/>&#176;C (T in<ce:hsp sp="0.25"/>=<ce:hsp sp="0.25"/>10.3<ce:hsp sp="0.25"/>&#176;C, T out<ce:hsp sp="0.25"/>=<ce:hsp sp="0.25"/>13.5<ce:hsp sp="0.25"/>&#176;C), exceeding the warming observed in the deeper flumes by &#x223c;2<ce:hsp sp="0.25"/>&#176;C. Our study reveals significant streambed and water temperature variation caused by the combined impacts of water level and related vegetation coverage. These results highlight the importance of maintaining minimum water levels in lowland rivers during droughts for buffering the impacts of atmospheric forcing on both river and streambed water temperatures.</ce:simple-para></ce:abstract-sec></ce:abstract><ce:keywords id="kwd0005" class="keyword" view="all"><ce:section-title id="sect0010">Keywords</ce:section-title><ce:keyword id="kw0005"><ce:text>Sediment-water interface</ce:text></ce:keyword><ce:keyword id="kw0010"><ce:text>Water level fluctuations</ce:text></ce:keyword><ce:keyword id="kw0015"><ce:text>Temporal-spatial temperature patterns</ce:text></ce:keyword><ce:keyword id="kw0020"><ce:text>FO-DTS</ce:text></ce:keyword><ce:keyword id="kw0025"><ce:text>Macrophytes shading</ce:text></ce:keyword><ce:keyword id="kw0030"><ce:text>Habitat complexity</ce:text></ce:keyword></ce:keywords></ja:head></ja:article></doc:document>
