<doc:document xmlns:doc="http://www.elsevier.com/xml/document/schema" xmlns:dp="http://www.elsevier.com/xml/common/doc-properties/schema" xmlns:cps="http://www.elsevier.com/xml/common/consyn-properties/schema" xmlns:rdf="http://www.w3.org/1999/02/22-rdf-syntax-ns#" xmlns:dct="http://purl.org/dc/terms/" xmlns:prism="http://prismstandard.org/namespaces/basic/2.0/" xmlns:oa="http://vtw.elsevier.com/data/ns/properties/OpenAccess-1/" xmlns:cp="http://vtw.elsevier.com/data/ns/properties/Copyright-1/" xmlns:cja="http://www.elsevier.com/xml/cja/schema" xmlns:ja="http://www.elsevier.com/xml/ja/schema" xmlns:bk="http://www.elsevier.com/xml/bk/schema" xmlns:ce="http://www.elsevier.com/xml/common/schema" xmlns:mml="http://www.w3.org/1998/Math/MathML" xmlns:cals="http://www.elsevier.com/xml/common/cals/schema" xmlns:tb="http://www.elsevier.com/xml/common/table/schema" xmlns:sa="http://www.elsevier.com/xml/common/struct-aff/schema" xmlns:sb="http://www.elsevier.com/xml/common/struct-bib/schema" xmlns:xlink="http://www.w3.org/1999/xlink"><rdf:RDF><rdf:Description rdf:about="http://dx.doi.org/10.1016/j.limno.2017.07.007"><dct:format>application/xml</dct:format><dct:title>Linking riparian forest harvest to benthic macroinvertebrate communities in Andean headwater streams in southern Chile</dct:title><dct:creator>Giovany Guevara</dct:creator><dct:creator>Roberto Godoy</dct:creator><dct:creator>Marcela Franco</dct:creator><dct:subject><rdf:Bag><rdf:li>Benthic invertebrates</rdf:li><rdf:li>Decay rate</rdf:li><rdf:li>Forestry</rdf:li><rdf:li>Litter breakdown</rdf:li><rdf:li>Thinning</rdf:li></rdf:Bag></dct:subject><dct:description>Limnologica 68 (2018) 105-114. doi:10.1016/j.limno.2017.07.007</dct:description><prism:aggregationType>journal</prism:aggregationType><prism:publicationName>Limnologica</prism:publicationName><prism:copyright>&#169; 2017 Elsevier GmbH. All rights reserved.</prism:copyright><dct:publisher>Elsevier GmbH</dct:publisher><prism:issn>0075-9511</prism:issn><prism:volume>68</prism:volume><prism:coverDisplayDate>January 2018</prism:coverDisplayDate><prism:issueName>Special Issue on Aquatic interfaces and linkages: An emerging topic of interdisciplinary research</prism:issueName><prism:pageRange>105-114</prism:pageRange><prism:startingPage>105</prism:startingPage><prism:endingPage>114</prism:endingPage><prism:doi>10.1016/j.limno.2017.07.007</prism:doi><prism:url>http://dx.doi.org/10.1016/j.limno.2017.07.007</prism:url><dct:identifier>doi:10.1016/j.limno.2017.07.007</dct:identifier></rdf:Description></rdf:RDF><dp:document-properties><dp:aggregation-type>Journals</dp:aggregation-type><dp:version-number>S300.1</dp:version-number></dp:document-properties><ja:article version="5.5" xml:lang="en" docsubtype="fla"><ja:item-info><ja:jid>LIMNO</ja:jid><ja:aid>25600</ja:aid><ce:pii>S0075-9511(16)30046-9</ce:pii><ce:doi>10.1016/j.limno.2017.07.007</ce:doi><ce:copyright type="full-transfer" year="2017">Elsevier GmbH</ce:copyright></ja:item-info><ja:head><ce:title id="tit0005">Linking riparian forest harvest to benthic macroinvertebrate communities in Andean headwater streams in southern Chile</ce:title><ce:author-group id="aug0005"><ce:author id="aut0005" author-id="S0075951116300469-50480351c937b58ec7261f6fb2ef8604"><ce:given-name>Giovany</ce:given-name><ce:surname>Guevara</ce:surname><ce:cross-ref refid="aff0005"><ce:sup loc="post">a</ce:sup></ce:cross-ref><ce:cross-ref refid="cor0005"><ce:sup loc="post">&#x204e;</ce:sup></ce:cross-ref><ce:e-address id="eadd0005" type="email" xlink:href="mailto:ggcolombia@gmail.com">ggcolombia@gmail.com</ce:e-address><ce:e-address id="eadd0010" type="email" xlink:href="mailto:gguevara@ut.edu.co">gguevara@ut.edu.co</ce:e-address></ce:author><ce:author id="aut0010" author-id="S0075951116300469-6cfcc88085ec8267913866f4a0eb362e"><ce:given-name>Roberto</ce:given-name><ce:surname>Godoy</ce:surname><ce:cross-ref refid="aff0010"><ce:sup loc="post">b</ce:sup></ce:cross-ref></ce:author><ce:author id="aut0015" author-id="S0075951116300469-08850bec782f4aec11e3701fe0b7a26a"><ce:given-name>Marcela</ce:given-name><ce:surname>Franco</ce:surname><ce:cross-ref refid="aff0015"><ce:sup loc="post">c</ce:sup></ce:cross-ref></ce:author><ce:affiliation id="aff0005" affiliation-id="S0075951116300469-9f85ce692f480f2ead406f3e47382e78"><ce:label>a</ce:label><ce:textfn>Departamento de Biolog&#237;a, Facultad de Ciencias, Universidad del Tolima, Ibagu&#233;, Colombia</ce:textfn><sa:affiliation><sa:organization>Departamento de Biolog&#237;a</sa:organization><sa:organization>Facultad de Ciencias</sa:organization><sa:organization>Universidad del Tolima</sa:organization><sa:city>Ibagu&#233;</sa:city><sa:country>Colombia</sa:country></sa:affiliation></ce:affiliation><ce:affiliation id="aff0010" affiliation-id="S0075951116300469-3b322ba5dfabcd4f40fb1e8cdae3381e"><ce:label>b</ce:label><ce:textfn>Instituto de Ciencias Ambientales y Evolutivas, Facultad de Ciencias, Universidad Austral de Chile, Valdivia, Chile</ce:textfn><sa:affiliation><sa:organization>Instituto de Ciencias Ambientales y Evolutivas</sa:organization><sa:organization>Facultad de Ciencias</sa:organization><sa:organization>Universidad Austral de Chile</sa:organization><sa:city>Valdivia</sa:city><sa:country>Chile</sa:country></sa:affiliation></ce:affiliation><ce:affiliation id="aff0015" affiliation-id="S0075951116300469-e9e62d1b56f2fb3da397f77c481c4301"><ce:label>c</ce:label><ce:textfn>Facultad de Ciencias Naturales y Matem&#225;ticas, Universidad de Ibagu&#233;, Carrera 22 Calle 67, Ibagu&#233;, Colombia</ce:textfn><sa:affiliation><sa:organization>Facultad de Ciencias Naturales y Matem&#225;ticas</sa:organization><sa:organization>Universidad de Ibagu&#233;</sa:organization><sa:address-line>Carrera 22 Calle 67</sa:address-line><sa:city>Ibagu&#233;</sa:city><sa:country>Colombia</sa:country></sa:affiliation></ce:affiliation><ce:correspondence id="cor0005"><ce:label>&#x204e;</ce:label><ce:text>Corresponding author.</ce:text></ce:correspondence></ce:author-group><ce:date-received day="17" month="6" year="2016"/><ce:date-revised day="19" month="7" year="2017"/><ce:date-accepted day="25" month="7" year="2017"/><ce:abstract id="abs0005" view="all" class="author"><ce:section-title id="sect0005">Abstract</ce:section-title><ce:abstract-sec id="abst0005" view="all"><ce:simple-para id="spar0050" view="all">Headwater streams are fully linked to surrounding riparian vegetation through coarse and fine organic matter inputs. However, forestry operations in or close to riparian corridors, particularly in mountainous forested microcatchments, can alter both the organic matter dynamics and the composition, structure and function of stream macroinvertebrate assemblages. Although it is an issue of great concern elsewhere, in Andean headwater streams scarce information exist about this respect. By using a paired-catchment approach (thinned <ce:italic>vs</ce:italic>. unthinned) in two sets of selected evergreen and deciduous small streams in southern Chile (39&#176;S), we evaluated the effects of forest harvest on seasonal and annual litterfall dynamics and the structural and functional attributes of macroinvertebrates between January 2008 and January 2009. Metrics used to assess changes included riparian litterfall input, invertebrate colonization and leaf decomposition of dominant plant species (evergreen: <ce:italic>Laureliopsis philippiana</ce:italic>, <ce:italic>Myrceugenia planipes</ce:italic>; deciduous: <ce:italic>Nothofagus alpina</ce:italic>), taxa richness, functional feeding group (FFG) composition, and their densities and biomasses for each stream. In both experimental trials, microcatchments registered significant differences in the seasonal litterfall input. The total organic matter input was as follows: Unthinned evergreen (UE)<ce:hsp sp="0.25"/>=<ce:hsp sp="0.25"/>3699, thinned evergreen (TE)<ce:hsp sp="0.25"/>=<ce:hsp sp="0.25"/>3249, unthinned deciduous (UD)<ce:hsp sp="0.25"/>=<ce:hsp sp="0.25"/>3151, and thinned deciduous (TD)<ce:hsp sp="0.25"/>=<ce:hsp sp="0.25"/>2981<ce:hsp sp="0.25"/>kg<ce:hsp sp="0.25"/>ha<ce:sup loc="post">&#x2212;1</ce:sup>y<ce:sup loc="post">&#x2212;1</ce:sup>. Leaf dry mass losses were significantly higher during summer and spring for <ce:italic>L. philippiana</ce:italic> and during summer and autumn for <ce:italic>N. alpina</ce:italic>. These results were concomitant to decomposition rates and macroinvertebrate abundance during colonization of the leaf bags. Macroinvertebrate density and biomass were also contrasted; shredders were the dominant FFG and showed significant seasonal differences between microcatchments in both in-stream and leaf bag studies. There were generally no major changes in FFG composition or taxa richness, but differences were detected comparatively in the abundance or density of collectors and shredders. Our results suggest that forestry activities carried out on riparian vegetation of Andean headwater streams can affect the structural and functional role of plants and benthic invertebrates and nutrient fluxes downstream.</ce:simple-para></ce:abstract-sec></ce:abstract><ce:keywords id="kwd0005" class="keyword" view="all"><ce:section-title id="sect0010">Keywords</ce:section-title><ce:keyword id="kw0005"><ce:text>Benthic invertebrates</ce:text></ce:keyword><ce:keyword id="kw0010"><ce:text>Decay rate</ce:text></ce:keyword><ce:keyword id="kw0015"><ce:text>Forestry</ce:text></ce:keyword><ce:keyword id="kw0020"><ce:text>Litter breakdown</ce:text></ce:keyword><ce:keyword id="kw0025"><ce:text>Thinning</ce:text></ce:keyword></ce:keywords></ja:head></ja:article></doc:document>
