<doc:document xmlns:doc="http://www.elsevier.com/xml/document/schema" xmlns:dp="http://www.elsevier.com/xml/common/doc-properties/schema" xmlns:cps="http://www.elsevier.com/xml/common/consyn-properties/schema" xmlns:rdf="http://www.w3.org/1999/02/22-rdf-syntax-ns#" xmlns:dct="http://purl.org/dc/terms/" xmlns:prism="http://prismstandard.org/namespaces/basic/2.0/" xmlns:oa="http://vtw.elsevier.com/data/ns/properties/OpenAccess-1/" xmlns:cp="http://vtw.elsevier.com/data/ns/properties/Copyright-1/" xmlns:cja="http://www.elsevier.com/xml/cja/schema" xmlns:ja="http://www.elsevier.com/xml/ja/schema" xmlns:bk="http://www.elsevier.com/xml/bk/schema" xmlns:ce="http://www.elsevier.com/xml/common/schema" xmlns:mml="http://www.w3.org/1998/Math/MathML" xmlns:cals="http://www.elsevier.com/xml/common/cals/schema" xmlns:tb="http://www.elsevier.com/xml/common/table/schema" xmlns:sa="http://www.elsevier.com/xml/common/struct-aff/schema" xmlns:sb="http://www.elsevier.com/xml/common/struct-bib/schema" xmlns:xlink="http://www.w3.org/1999/xlink"><rdf:RDF><rdf:Description rdf:about="http://dx.doi.org/10.1016/j.limno.2017.01.010"><dct:format>application/xml</dct:format><dct:title>Relations between vegetation and water level in groundwater dependent terrestrial ecosystems (GWDTEs)</dct:title><dct:creator>Ole Munch Johansen</dct:creator><dct:creator>Dagmar Kappel Andersen</dct:creator><dct:creator>Rasmus Ejrn&#230;s</dct:creator><dct:creator>Morten Lauge Pedersen</dct:creator><dct:subject><rdf:Bag><rdf:li>Alkaline wetlands</rdf:li><rdf:li>Hydrology</rdf:li><rdf:li>Vegetation</rdf:li><rdf:li>Ellenberg indicator values</rdf:li></rdf:Bag></dct:subject><dct:description>Limnologica 68 (2018) 130-141. doi:10.1016/j.limno.2017.01.010</dct:description><prism:aggregationType>journal</prism:aggregationType><prism:publicationName>Limnologica</prism:publicationName><prism:copyright>&#169; 2017 Elsevier GmbH. All rights reserved.</prism:copyright><dct:publisher>Elsevier GmbH</dct:publisher><prism:issn>0075-9511</prism:issn><prism:volume>68</prism:volume><prism:coverDisplayDate>January 2018</prism:coverDisplayDate><prism:issueName>Special Issue on Aquatic interfaces and linkages: An emerging topic of interdisciplinary research</prism:issueName><prism:pageRange>130-141</prism:pageRange><prism:startingPage>130</prism:startingPage><prism:endingPage>141</prism:endingPage><prism:doi>10.1016/j.limno.2017.01.010</prism:doi><prism:url>http://dx.doi.org/10.1016/j.limno.2017.01.010</prism:url><dct:identifier>doi:10.1016/j.limno.2017.01.010</dct:identifier></rdf:Description></rdf:RDF><dp:document-properties><dp:aggregation-type>Journals</dp:aggregation-type><dp:version-number>S300.1</dp:version-number></dp:document-properties><ja:article version="5.4" xml:lang="en" docsubtype="fla"><ja:item-info><ja:jid>LIMNO</ja:jid><ja:aid>25571</ja:aid><ce:pii>S0075-9511(17)30045-2</ce:pii><ce:doi>10.1016/j.limno.2017.01.010</ce:doi><ce:copyright type="full-transfer" year="2017">Elsevier GmbH</ce:copyright></ja:item-info><ja:head><ce:title id="tit0005">Relations between vegetation and water level in groundwater dependent terrestrial ecosystems (GWDTEs)</ce:title><ce:author-group id="aug0005"><ce:author id="aut0005" author-id="S0075951117300452-857574dc3cb2448e403f761d71726de8"><ce:given-name>Ole Munch</ce:given-name><ce:surname>Johansen</ce:surname><ce:cross-ref refid="aff0005"><ce:sup loc="post">a</ce:sup></ce:cross-ref></ce:author><ce:author id="aut0010" author-id="S0075951117300452-38e18463d8c8e91714cb9f8524c12a79"><ce:given-name>Dagmar Kappel</ce:given-name><ce:surname>Andersen</ce:surname><ce:cross-ref refid="aff0010"><ce:sup loc="post">b</ce:sup></ce:cross-ref></ce:author><ce:author id="aut0015" author-id="S0075951117300452-c0a7fe82cdcf9c026eea4da413b0d0c6"><ce:given-name>Rasmus</ce:given-name><ce:surname>Ejrn&#230;s</ce:surname><ce:cross-ref refid="aff0015"><ce:sup loc="post">c</ce:sup></ce:cross-ref></ce:author><ce:author id="aut0020" author-id="S0075951117300452-8ead935537bb85f53ebe83fa329c8893"><ce:given-name>Morten Lauge</ce:given-name><ce:surname>Pedersen</ce:surname><ce:cross-ref refid="aff0005"><ce:sup loc="post">a</ce:sup></ce:cross-ref><ce:cross-ref refid="cor0005"><ce:sup loc="post">&#x204e;</ce:sup></ce:cross-ref><ce:e-address id="eadd0005" type="email">mlp@civil.aau.dk</ce:e-address></ce:author><ce:affiliation id="aff0005"><ce:label>a</ce:label><ce:textfn>Department of Civil Engineering, Aalborg University, Thomas Manns Vej 23, Aalborg DK-9220, Denmark</ce:textfn><sa:affiliation><sa:organization>Department of Civil Engineering</sa:organization><sa:organization>Aalborg University</sa:organization><sa:address-line>Thomas Manns Vej 23</sa:address-line><sa:city>Aalborg</sa:city><sa:postal-code>DK-9220</sa:postal-code><sa:country>Denmark</sa:country></sa:affiliation></ce:affiliation><ce:affiliation id="aff0010"><ce:label>b</ce:label><ce:textfn>Department of Bioscience, University of Aarhus, Vejls&#248;vej 25, Silkeborg DK-8600, Denmark</ce:textfn><sa:affiliation><sa:organization>Department of Bioscience</sa:organization><sa:organization>University of Aarhus</sa:organization><sa:address-line>Vejls&#248;vej 25</sa:address-line><sa:city>Silkeborg</sa:city><sa:postal-code>DK-8600</sa:postal-code><sa:country>Denmark</sa:country></sa:affiliation></ce:affiliation><ce:affiliation id="aff0015"><ce:label>c</ce:label><ce:textfn>Department of Bioscience, University of Aarhus, Grenaavej 12, R&#248;nde DK-8410, Denmark</ce:textfn><sa:affiliation><sa:organization>Department of Bioscience</sa:organization><sa:organization>University of Aarhus</sa:organization><sa:address-line>Grenaavej 12</sa:address-line><sa:city>R&#248;nde</sa:city><sa:postal-code>DK-8410</sa:postal-code><sa:country>Denmark</sa:country></sa:affiliation></ce:affiliation><ce:correspondence id="cor0005"><ce:label>&#x204e;</ce:label><ce:text>Corresponding author.</ce:text></ce:correspondence></ce:author-group><ce:date-received day="2" month="6" year="2016"/><ce:date-revised day="21" month="11" year="2016"/><ce:date-accepted day="13" month="1" year="2017"/><ce:abstract id="abs0005" view="all" class="author"><ce:section-title id="sect0005">Abstract</ce:section-title><ce:abstract-sec id="abst0005" view="all"><ce:simple-para id="spar0060" view="all">Alkaline wetlands and fens are groundwater dependent, terrestrial ecosystems (GWDTEs) existing throughout the temperate zone. They contain a large number of protected and endangered plant species and their ecological status is threatened by insufficient groundwater quality and quantity. However, management and conservation of fens are constrained by limited knowledge on the relations between vegetation and measurable hydrological conditions. This study investigates the relations between vegetation and water level dynamics in groundwater dependent wetlands in Denmark.</ce:simple-para><ce:simple-para id="spar0065" view="all">A total of 35 wetland sites across Denmark were included in the study. The sites represent a continuum of wetlands with respect to vegetation and hydrological conditions. Water level was measured continuously using pressure transducers at each site. Metrics expressing different hydrological characteristics, such as mean water level and low and high water level periods, were calculated based on the water level time series. A complete plant species list was recorded in plots covering 78.5<ce:hsp sp="0.25"/>m<ce:sup loc="post">2</ce:sup> at each site. Community metrics such as total number of species and the number of bryophytes were generated from the species lists and Ellenberg Indicator scores of moisture, pH and nutrients were calculated for each site.</ce:simple-para><ce:simple-para id="spar0070" view="all">The water level correlates with the number of typical fen species of vascular plants, whereas bryophytes are closer connected to the stable water level conditions provided by groundwater seepage. The water level variability is proved to be a significant limiting factor for species diversity in wetlands, which should be considered along with the fertility in order to access the habitat quality. The study provides new insight in the water level preferences for GWDTEs which is highly needed in the management and assessment of anthropogenic damage to these ecosystems.</ce:simple-para></ce:abstract-sec></ce:abstract><ce:keywords id="kwd0005" class="keyword" view="all"><ce:section-title id="sect0010">Keywords</ce:section-title><ce:keyword id="kw0005"><ce:text>Alkaline wetlands</ce:text></ce:keyword><ce:keyword id="kw0010"><ce:text>Hydrology</ce:text></ce:keyword><ce:keyword id="kw0015"><ce:text>Vegetation</ce:text></ce:keyword><ce:keyword id="kw0020"><ce:text>Ellenberg indicator values</ce:text></ce:keyword></ce:keywords></ja:head></ja:article></doc:document>
