<doc:document xmlns:doc="http://www.elsevier.com/xml/document/schema" xmlns:dp="http://www.elsevier.com/xml/common/doc-properties/schema" xmlns:cps="http://www.elsevier.com/xml/common/consyn-properties/schema" xmlns:rdf="http://www.w3.org/1999/02/22-rdf-syntax-ns#" xmlns:dct="http://purl.org/dc/terms/" xmlns:prism="http://prismstandard.org/namespaces/basic/2.0/" xmlns:oa="http://vtw.elsevier.com/data/ns/properties/OpenAccess-1/" xmlns:cp="http://vtw.elsevier.com/data/ns/properties/Copyright-1/" xmlns:cja="http://www.elsevier.com/xml/cja/schema" xmlns:ja="http://www.elsevier.com/xml/ja/schema" xmlns:bk="http://www.elsevier.com/xml/bk/schema" xmlns:ce="http://www.elsevier.com/xml/common/schema" xmlns:mml="http://www.w3.org/1998/Math/MathML" xmlns:cals="http://www.elsevier.com/xml/common/cals/schema" xmlns:tb="http://www.elsevier.com/xml/common/table/schema" xmlns:sa="http://www.elsevier.com/xml/common/struct-aff/schema" xmlns:sb="http://www.elsevier.com/xml/common/struct-bib/schema" xmlns:xlink="http://www.w3.org/1999/xlink"><rdf:RDF><rdf:Description rdf:about="http://dx.doi.org/10.1016/j.limno.2017.06.003"><dct:format>application/xml</dct:format><dct:title>Flux dynamics at the groundwater-surface water interface in a tropical catchment</dct:title><dct:creator>Hai Manh Vu</dct:creator><dct:creator>Margaret Shanafield</dct:creator><dct:creator>Okke Batelaan</dct:creator><dct:subject><rdf:Bag><rdf:li>Groundwater-surface water interface</rdf:li><rdf:li>tropical</rdf:li><rdf:li>intermittent river</rdf:li><rdf:li>Vietnam</rdf:li></rdf:Bag></dct:subject><dct:description>Limnologica 68 (2018) 36-45. doi:10.1016/j.limno.2017.06.003</dct:description><prism:aggregationType>journal</prism:aggregationType><prism:publicationName>Limnologica</prism:publicationName><prism:copyright>&#169; 2017 Elsevier GmbH. All rights reserved.</prism:copyright><dct:publisher>Elsevier GmbH</dct:publisher><prism:issn>0075-9511</prism:issn><prism:volume>68</prism:volume><prism:coverDisplayDate>January 2018</prism:coverDisplayDate><prism:issueName>Special Issue on Aquatic interfaces and linkages: An emerging topic of interdisciplinary research</prism:issueName><prism:pageRange>36-45</prism:pageRange><prism:startingPage>36</prism:startingPage><prism:endingPage>45</prism:endingPage><prism:doi>10.1016/j.limno.2017.06.003</prism:doi><prism:url>http://dx.doi.org/10.1016/j.limno.2017.06.003</prism:url><dct:identifier>doi:10.1016/j.limno.2017.06.003</dct:identifier></rdf:Description></rdf:RDF><dp:document-properties><dp:aggregation-type>Journals</dp:aggregation-type><dp:version-number>S300.1</dp:version-number></dp:document-properties><ja:article version="5.4" xml:lang="en" docsubtype="fla"><ja:item-info><ja:jid>LIMNO</ja:jid><ja:aid>25595</ja:aid><ce:pii>S0075-9511(16)30065-2</ce:pii><ce:doi>10.1016/j.limno.2017.06.003</ce:doi><ce:copyright type="full-transfer" year="2017">Elsevier GmbH</ce:copyright></ja:item-info><ja:head><ce:title id="tit0005">Flux dynamics at the groundwater-surface water interface in a tropical catchment</ce:title><ce:author-group id="aug0005"><ce:author id="aut0005" author-id="S0075951116300652-2d8376787b0d41c919d28be2fa449601"><ce:given-name>Hai Manh</ce:given-name><ce:surname>Vu</ce:surname><ce:cross-ref refid="cor0005"><ce:sup loc="post">&#x204e;</ce:sup></ce:cross-ref><ce:e-address id="eadd0005" type="email">vu0059@flinders.edu.au</ce:e-address></ce:author><ce:author id="aut0010" author-id="S0075951116300652-a9f9392b1b5df3303fc23a8c222a9138"><ce:given-name>Margaret</ce:given-name><ce:surname>Shanafield</ce:surname></ce:author><ce:author id="aut0015" author-id="S0075951116300652-ecb4acb84750fc94d979f933deff0589"><ce:given-name>Okke</ce:given-name><ce:surname>Batelaan</ce:surname></ce:author><ce:affiliation id="aff0005"><ce:textfn>College of Science and Engineering, Flinders University, GPO Box 2100, Adelaide, 5001, South Australia, Australia</ce:textfn><sa:affiliation><sa:organization>College of Science and Engineering</sa:organization><sa:organization>Flinders University</sa:organization><sa:address-line>GPO Box 2100</sa:address-line><sa:city>Adelaide</sa:city><sa:state>South Australia</sa:state><sa:postal-code>5001</sa:postal-code><sa:country>Australia</sa:country></sa:affiliation></ce:affiliation><ce:correspondence id="cor0005"><ce:label>&#x204e;</ce:label><ce:text>Corresponding author.</ce:text></ce:correspondence></ce:author-group><ce:date-received day="23" month="6" year="2016"/><ce:date-revised day="12" month="5" year="2017"/><ce:date-accepted day="13" month="6" year="2017"/><ce:abstract id="abs0005" view="all" class="author"><ce:section-title id="sect0005">Abstract</ce:section-title><ce:abstract-sec id="abst0005" view="all"><ce:simple-para id="spar0050" view="all">Seasonal shifts between wet and dry seasons cause marked changes in river flow regimes and therefore exchanges with the streambed surface. This seasonal variation is particularly apparent in tropical climates, which are characterized by strong differences between wet and dry seasons. However, fluxes between surface water and groundwater and the impacts of these interactions on streambed dynamics are rarely investigated in tropical climates, where few surface water-groundwater field investigations have been performed. In this study, an intermittent river in south coastal Vietnam was investigated to better understand links between seasonal hydrologic shifts, human use of water resources, and streambed dynamics. Three transects along the main tributary were instrumented with water level and streambed temperature sensors to examine both spatial and temporal variability in stream-aquifer dynamics. Calibrated models estimated increasing streambed fluxes along the length of the river, with highly variable fluxes up to 1.6<ce:hsp sp="0.25"/>m<ce:sup loc="post">2</ce:sup><ce:hsp sp="0.25"/>h<ce:sup loc="post">&#x2212;1</ce:sup> upstream and 0.2<ce:hsp sp="0.25"/>m<ce:sup loc="post">2</ce:sup><ce:hsp sp="0.25"/>h<ce:sup loc="post">&#x2212;1</ce:sup> downstream during the rainy season (i.e. the rate of the total amount of water exchanged per meter of river length) decreasing to low fluxes of 1.0<ce:hsp sp="0.25"/>m<ce:sup loc="post">2</ce:sup><ce:hsp sp="0.25"/>h<ce:sup loc="post">&#x2212;1</ce:sup> upstream and 0.15<ce:hsp sp="0.25"/>m<ce:sup loc="post">2</ce:sup><ce:hsp sp="0.25"/>h<ce:sup loc="post">&#x2212;1</ce:sup> downstream in the dry season before flow ceased. During the wet and into the dry season the river was gaining (i.e. flux from the aquifer into the river) at all times and all locations with the notable exception of fluxes into the streambed only at the upstream and downstream sites during peak flow of the largest captured rain event (550<ce:hsp sp="0.25"/>mm in 164<ce:hsp sp="0.25"/>h). Based on 30 years of precipitation data, this suggests that water is pushed from the stream into the streambed approximately three times per year. Groundwater withdrawal by households near the cross-sections was found to have a comparatively small effect on streambed fluxes, reducing the flux by up to 3% during dry conditions, although this pumping did cause a reversal in the gradient to the stream for a short period (less than 12<ce:hsp sp="0.25"/>h) on one occasion during the dry season.</ce:simple-para></ce:abstract-sec></ce:abstract><ce:keywords id="kwd0005" class="keyword" view="all"><ce:section-title id="sect0010">Keywords</ce:section-title><ce:keyword id="kw0005"><ce:text>Groundwater-surface water interface</ce:text></ce:keyword><ce:keyword id="kw0010"><ce:text>tropical</ce:text></ce:keyword><ce:keyword id="kw0015"><ce:text>intermittent river</ce:text></ce:keyword><ce:keyword id="kw0020"><ce:text>Vietnam</ce:text></ce:keyword></ce:keywords></ja:head></ja:article></doc:document>
