<?xml version="1.0" encoding="UTF-8"?>
<!DOCTYPE Article
  PUBLIC "-//NLM//DTD PubMed 2.7//EN" "http://www.ncbi.nlm.nih.gov:80/entrez/query/static/PubMed.dtd">
<Article>
   <Journal>
      <PublisherName>John Wiley &amp; Sons, Ltd</PublisherName>
      <JournalTitle>AIChE Journal</JournalTitle>
      <Issn>0001-1541</Issn>
      <Volume>63</Volume>
      <Issue>12</Issue>
      <PubDate PubStatus="ppublish">
         <Year>2017</Year>
         <Month>12</Month>
      </PubDate>
   </Journal>
   <ArticleTitle>A Tribute to Roy Jackson</ArticleTitle>
   <FirstPage LZero="delete">5238</FirstPage>
   <LastPage>5238</LastPage>
   <ELocationID EIdType="doi" ValidYN="Y">10.1002/aic.15993</ELocationID>
   <Language>EN</Language>
   <AuthorList>
      <Author>
         <FirstName EmptyYN="N">Sankaran</FirstName>
         <LastName>Sundaresan</LastName>
         <Affiliation>Norman John Sollenberger Professor in Engineering, Department of Chemical and Biological Engineering, Princeton University</Affiliation>
      </Author>
      <Author>
         <FirstName EmptyYN="N">Christine M.</FirstName>
         <LastName>Hrenya</LastName>
         <Affiliation>Professor of Chemical and Biological Engineering, University of Colorado Boulder</Affiliation>
      </Author>
      <Author>
         <FirstName EmptyYN="N">Michael P.</FirstName>
         <LastName>Harold</LastName>
         <Affiliation>M. D. Anderson Professor of Chemical and Biological Engineering, University of Colorado Houston</Affiliation>
      </Author>
      <Author>
         <FirstName EmptyYN="N">Jennifer S.</FirstName>
         <LastName>Curtis</LastName>
         <Affiliation>Dean of Engineering, Distinguished Professor of Chemical Engineering, University of California at Davis</Affiliation>
      </Author>
   </AuthorList>
   <PublicationType>EDITORIAL</PublicationType>
   <ArticleIdList>
      <ArticleId IdType="doi">10.1002/aic.15993</ArticleId>
   </ArticleIdList>
   <History>
      <PubDate PubStatus="aheadofprint">
         <Year>2017</Year>
         <Month>10</Month>
         <Day>27</Day>
      </PubDate>
   </History>
   <CopyrightInformation>© 2017 American Institute of Chemical Engineers</CopyrightInformation>
</Article>
