<?xml version="1.0" encoding="UTF-8"?>
<modsCollection>
    <mods xmlns="http://www.loc.gov/mods/v3" version="3.6">
        <relatedItem xmlns="" type="host">
            <titleInfo>
                <title>AIChE Journal</title>
            </titleInfo>
            <originInfo>
                <publisher>John Wiley &amp; Sons, Ltd</publisher>
            </originInfo>
            <identifier type="issn">0001-1541</identifier>
            <part>
                <detail type="volume">
                    <number>63</number>
                    <caption>v.</caption>
                </detail>
                <detail type="issue">
                    <number>12</number>
                    <caption>no.</caption>
                </detail>
                <extent unit="pages">
                    <start>5474</start>
                    <end>5481</end>
                    <total>8</total>
                </extent>
                <text type="year">2017</text>
                <text type="month">12</text>
            </part>
        </relatedItem>
        <start xmlns="">5474</start>
        <end xmlns="">5481</end>
        <identifier xmlns="" doi="doi">10.1002/aic.15953</identifier>
        <location xmlns="">
            <url>http://dx.doi.org/10.1002/aic.15953</url>
        </location>10.1002/aic.15953<language xmlns="">
            <languageTerm authority="iso639-2b" type="code">eng</languageTerm>
            <languageTerm type="text">English</languageTerm>
        </language>
        <name xmlns="" usage="primary" type="personal">
            <namePart type="given">Michel Y.</namePart>
            <namePart type="family">Louge</namePart>
            <displayForm>Louge, Michel Y.</displayForm>
            <affiliation>Sibley School of Mechanical and Aerospace Engineering, Cornell University, Ithaca, NY 14853</affiliation>
            <role>
                <roleTerm type="text" authority="marcrelator">author</roleTerm>
            </role>
        </name>
        <name xmlns="" type="personal">
            <namePart type="given">Shilpa</namePart>
            <namePart type="family">Sahoo</namePart>
            <displayForm>Sahoo, Shilpa</displayForm>
            <affiliation>Sibley School of Mechanical and Aerospace Engineering, Cornell University, Ithaca, NY 14853</affiliation>
            <role>
                <roleTerm type="text" authority="marcrelator">author</roleTerm>
            </role>
        </name>JOURNAL ARTICLE<identifier xmlns="" type="doi">10.1002/aic.15953</identifier>
        <location xmlns="">
            <url>http://dx.doi.org/10.1002/aic.15953</url>
        </location>10.1002/aic.15953201742320177232017913<abstract xmlns=""></abstract>© 2017 American Institute of Chemical Engineerscapillarityliquid imbibitioncontact angleliquid spreadingsurface tension</mods>
    <mods xmlns="http://www.loc.gov/mods/v3" version="3.6">
        <relatedItem xmlns="" type="host">
            <titleInfo>
                <title>AIChE Journal</title>
            </titleInfo>
            <originInfo>
                <publisher>John Wiley &amp; Sons, Ltd</publisher>
            </originInfo>
            <identifier type="issn">0001-1541</identifier>
            <part>
                <detail type="volume">
                    <number>63</number>
                    <caption>v.</caption>
                </detail>
                <detail type="issue">
                    <number>12</number>
                    <caption>no.</caption>
                </detail>
                <extent unit="pages">
                    <start>5238</start>
                    <end>5238</end>
                    <total>1</total>
                </extent>
                <text type="year">2017</text>
                <text type="month">12</text>
            </part>
        </relatedItem>
        <start xmlns="">5238</start>
        <end xmlns="">5238</end>
        <identifier xmlns="" doi="doi">10.1002/aic.15993</identifier>
        <location xmlns="">
            <url>http://dx.doi.org/10.1002/aic.15993</url>
        </location>10.1002/aic.15993<language xmlns="">
            <languageTerm authority="iso639-2b" type="code">eng</languageTerm>
            <languageTerm type="text">English</languageTerm>
        </language>
        <name xmlns="" usage="primary" type="personal">
            <namePart type="given">Sankaran</namePart>
            <namePart type="family">Sundaresan</namePart>
            <displayForm>Sundaresan, Sankaran</displayForm>
            <affiliation>Norman John Sollenberger Professor in Engineering, Department of Chemical and Biological Engineering, Princeton University</affiliation>
            <role>
                <roleTerm type="text" authority="marcrelator">author</roleTerm>
            </role>
        </name>
        <name xmlns="" type="personal">
            <namePart type="given">Christine M.</namePart>
            <namePart type="family">Hrenya</namePart>
            <displayForm>Hrenya, Christine M.</displayForm>
            <affiliation>Professor of Chemical and Biological Engineering, University of Colorado Boulder</affiliation>
            <role>
                <roleTerm type="text" authority="marcrelator">author</roleTerm>
            </role>
        </name>
        <name xmlns="" type="personal">
            <namePart type="given">Michael P.</namePart>
            <namePart type="family">Harold</namePart>
            <displayForm>Harold, Michael P.</displayForm>
            <affiliation>M. D. Anderson Professor of Chemical and Biological Engineering, University of Colorado Houston</affiliation>
            <role>
                <roleTerm type="text" authority="marcrelator">author</roleTerm>
            </role>
        </name>
        <name xmlns="" type="personal">
            <namePart type="given">Jennifer S.</namePart>
            <namePart type="family">Curtis</namePart>
            <displayForm>Curtis, Jennifer S.</displayForm>
            <affiliation>Dean of Engineering, Distinguished Professor of Chemical Engineering, University of California at Davis</affiliation>
            <role>
                <roleTerm type="text" authority="marcrelator">author</roleTerm>
            </role>
        </name>EDITORIAL<identifier xmlns="" type="doi">10.1002/aic.15993</identifier>
        <location xmlns="">
            <url>http://dx.doi.org/10.1002/aic.15993</url>
        </location>10.1002/aic.1599320171027© 2017 American Institute of Chemical Engineers</mods>
</modsCollection>
