<?xml version="1.0" encoding="UTF-8"?>
<!DOCTYPE ArticleSet PUBLIC "-//NLM//DTD PubMed//EN" "https://dtd.nlm.nih.gov/ncbi/pubmed/in/PubMed.dtd">
<ArticleSet>
    <Article>
        <Journal>
            <PublisherName>John Wiley &amp; Sons, Ltd</PublisherName>
            <JournalTitle>AIChE Journal</JournalTitle>
            <Issn>0001-1541</Issn>
            <Volume>63</Volume>
            <Issue>12</Issue>
            <PubDate PubStatus="ppublish">
                <Year>2017</Year>
                <Month>12</Month>
            </PubDate>
        </Journal>
        <ArticleTitle>Model of inertial spreading and imbibition of a liquid drop on a capillary plate</ArticleTitle>
        <FirstPage>5474</FirstPage>
        <LastPage>5481</LastPage>
        <ELocationID EIdType="doi">10.1002/aic.15953</ELocationID>
        <Language>EN</Language>
        <AuthorList>
            <Author>
                <FirstName>Michel Y.</FirstName>
                <LastName>Louge</LastName>
                <Affiliation>Sibley School of Mechanical and Aerospace Engineering, Cornell University, Ithaca, NY 14853</Affiliation>
                <Identifier Source="ORCID">http://orcid.org/0000-0002-1155-9163</Identifier>
            </Author>
            <Author>
                <FirstName>Shilpa</FirstName>
                <LastName>Sahoo</LastName>
                <Affiliation>Sibley School of Mechanical and Aerospace Engineering, Cornell University, Ithaca, NY 14853</Affiliation>
            </Author>
        </AuthorList>
        <PublicationType>JOURNAL ARTICLE</PublicationType>
        <ArticleIdList>
            <ArticleId IdType="doi">10.1002/aic.15953</ArticleId>
        </ArticleIdList>
        <History>
            <PubDate PubStatus="received">
                <Year>2017</Year>
                <Month>4</Month>
                <Day>23</Day>
            </PubDate>
            <PubDate PubStatus="revised">
                <Year>2017</Year>
                <Month>7</Month>
                <Day>23</Day>
            </PubDate>
            <PubDate PubStatus="aheadofprint">
                <Year>2017</Year>
                <Month>9</Month>
                <Day>13</Day>
            </PubDate>
        </History>
        <Abstract>We outline a low‐order Lagrangian model for the inertial dynamics of spreading and imbibition of a spherical liquid cap on a plane featuring independent cylindrical capillaries without gravity. The analysis predicts the relative roles of radial and axial kinetic energy, reveals the critical Laplace number beyond which the drop oscillates, and attributes the exponent of the initial power‐law for contact patch radius vs. time to the form of capillary potential energy just after the liquid sphere touches the plate. © 2017 American Institute of Chemical Engineers AIChE J, 63: 5474–5481, 2017</Abstract>
        <CopyrightInformation>© 2017 American Institute of Chemical Engineers</CopyrightInformation>
        <ObjectList>
            <Object Type="keyword">
                <Param Name="value">capillarity</Param>
            </Object>
            <Object Type="keyword">
                <Param Name="value">liquid imbibition</Param>
            </Object>
            <Object Type="keyword">
                <Param Name="value">contact angle</Param>
            </Object>
            <Object Type="keyword">
                <Param Name="value">liquid spreading</Param>
            </Object>
            <Object Type="keyword">
                <Param Name="value">surface tension</Param>
            </Object>
        </ObjectList>
    </Article>
    <Article>
        <Journal>
            <PublisherName>John Wiley &amp; Sons, Ltd</PublisherName>
            <JournalTitle>AIChE Journal</JournalTitle>
            <Issn>0001-1541</Issn>
            <Volume>63</Volume>
            <Issue>12</Issue>
            <PubDate PubStatus="ppublish">
                <Year>2017</Year>
                <Month>12</Month>
            </PubDate>
        </Journal>
        <ArticleTitle>A Tribute to Roy Jackson</ArticleTitle>
        <FirstPage>5238</FirstPage>
        <LastPage>5238</LastPage>
        <ELocationID EIdType="doi">10.1002/aic.15993</ELocationID>
        <Language>EN</Language>
        <AuthorList>
            <Author>
                <FirstName>Sankaran</FirstName>
                <LastName>Sundaresan</LastName>
                <Affiliation>Norman John Sollenberger Professor in Engineering, Department of Chemical and Biological Engineering, Princeton University</Affiliation>
            </Author>
            <Author>
                <FirstName>Christine M.</FirstName>
                <LastName>Hrenya</LastName>
                <Affiliation>Professor of Chemical and Biological Engineering, University of Colorado Boulder</Affiliation>
            </Author>
            <Author>
                <FirstName>Michael P.</FirstName>
                <LastName>Harold</LastName>
                <Affiliation>M. D. Anderson Professor of Chemical and Biological Engineering, University of Colorado Houston</Affiliation>
            </Author>
            <Author>
                <FirstName>Jennifer S.</FirstName>
                <LastName>Curtis</LastName>
                <Affiliation>Dean of Engineering, Distinguished Professor of Chemical Engineering, University of California at Davis</Affiliation>
            </Author>
        </AuthorList>
        <PublicationType>EDITORIAL</PublicationType>
        <ArticleIdList>
            <ArticleId IdType="doi">10.1002/aic.15993</ArticleId>
        </ArticleIdList>
        <History>
            <PubDate PubStatus="aheadofprint">
                <Year>2017</Year>
                <Month>10</Month>
                <Day>27</Day>
            </PubDate>
        </History>
        <CopyrightInformation>© 2017 American Institute of Chemical Engineers</CopyrightInformation>
    </Article>
</ArticleSet>
