<doc:document xmlns:doc="http://www.elsevier.com/xml/document/schema" xmlns:dp="http://www.elsevier.com/xml/common/doc-properties/schema" xmlns:cps="http://www.elsevier.com/xml/common/consyn-properties/schema" xmlns:rdf="http://www.w3.org/1999/02/22-rdf-syntax-ns#" xmlns:dct="http://purl.org/dc/terms/" xmlns:prism="http://prismstandard.org/namespaces/basic/2.0/" xmlns:oa="http://vtw.elsevier.com/data/ns/properties/OpenAccess-1/" xmlns:cp="http://vtw.elsevier.com/data/ns/properties/Copyright-1/" xmlns:cja="http://www.elsevier.com/xml/cja/schema" xmlns:ja="http://www.elsevier.com/xml/ja/schema" xmlns:bk="http://www.elsevier.com/xml/bk/schema" xmlns:ce="http://www.elsevier.com/xml/common/schema" xmlns:mml="http://www.w3.org/1998/Math/MathML" xmlns:cals="http://www.elsevier.com/xml/common/cals/schema" xmlns:tb="http://www.elsevier.com/xml/common/table/schema" xmlns:sa="http://www.elsevier.com/xml/common/struct-aff/schema" xmlns:sb="http://www.elsevier.com/xml/common/struct-bib/schema" xmlns:xlink="http://www.w3.org/1999/xlink"><rdf:RDF><rdf:Description rdf:about="http://dx.doi.org/10.1016/j.limno.2017.12.002"><dct:format>application/xml</dct:format><dct:title>Aquatic interfaces and linkages: An emerging topic of interdisciplinary research</dct:title><dct:creator>Michael Hupfer</dct:creator><dct:creator>Peter Engesgaard</dct:creator><dct:creator>Henning Jensen</dct:creator><dct:creator>Stefan Krause</dct:creator><dct:creator>Gunnar N&#252;tzmann</dct:creator><dct:description>Limnologica 68 (2018) 1-4. doi:10.1016/j.limno.2017.12.002</dct:description><prism:aggregationType>journal</prism:aggregationType><prism:publicationName>Limnologica</prism:publicationName><prism:copyright>&#169; 2017 Published by Elsevier GmbH.</prism:copyright><dct:publisher>Elsevier GmbH</dct:publisher><prism:issn>0075-9511</prism:issn><prism:volume>68</prism:volume><prism:coverDisplayDate>January 2018</prism:coverDisplayDate><prism:issueName>Special Issue on Aquatic interfaces and linkages: An emerging topic of interdisciplinary research</prism:issueName><prism:pageRange>1-4</prism:pageRange><prism:startingPage>1</prism:startingPage><prism:endingPage>4</prism:endingPage><prism:doi>10.1016/j.limno.2017.12.002</prism:doi><prism:url>http://dx.doi.org/10.1016/j.limno.2017.12.002</prism:url><dct:identifier>doi:10.1016/j.limno.2017.12.002</dct:identifier></rdf:Description></rdf:RDF><dp:document-properties><dp:aggregation-type>Journals</dp:aggregation-type><dp:version-number>S300.1</dp:version-number></dp:document-properties><ja:simple-article docsubtype="edi" xml:lang="en" version="5.5"><ja:item-info><ja:jid>LIMNO</ja:jid><ja:aid>25627</ja:aid><ce:pii>S0075-9511(17)30320-1</ce:pii><ce:doi>10.1016/j.limno.2017.12.002</ce:doi><ce:copyright type="unknown" year="2017"/></ja:item-info><ja:simple-head><ce:dochead id="doh0005"><ce:textfn>Editorial</ce:textfn></ce:dochead><ce:title id="tit0005">Aquatic interfaces and linkages: An emerging topic of interdisciplinary research</ce:title><ce:author-group id="ag0005"><ce:author id="au0005" author-id="S0075951117303201-b0d0312c79723ae6dcf85335345cc4e7"><ce:given-name>Michael</ce:given-name><ce:surname>Hupfer</ce:surname></ce:author><ce:affiliation id="aff0005" affiliation-id="S0075951117303201-4ada554c9f22426ddf183da33a379c32"><ce:textfn>Leibniz Institute of Freshwater Ecology and Inland Fisheries; Department of Chemical Analytics and Biogeochemistry, Berlin, Germany</ce:textfn><sa:affiliation><sa:organization>Leibniz Institute of Freshwater Ecology and Inland Fisheries; Department of Chemical Analytics and Biogeochemistry, Berlin</sa:organization><sa:country>Germany</sa:country></sa:affiliation></ce:affiliation></ce:author-group><ce:author-group id="ag0010"><ce:author id="au0010" author-id="S0075951117303201-759ca976855382f54f5c2c30bebc6b15"><ce:given-name>Peter</ce:given-name><ce:surname>Engesgaard</ce:surname></ce:author><ce:affiliation id="aff0010" affiliation-id="S0075951117303201-75e29fe66fe73034c8bf91f87d479d66"><ce:textfn>University of Copenhagen, Dept. Geosciences and Natural Resources Management, Copenhagen Denmark</ce:textfn><sa:affiliation><sa:organization>University of Copenhagen, Dept. Geosciences and Natural Resources Management, Copenhagen</sa:organization><sa:country>Denmark</sa:country></sa:affiliation></ce:affiliation></ce:author-group><ce:author-group id="ag0015"><ce:author id="au0015" author-id="S0075951117303201-b8575328b404830850331cf9b9f2777b"><ce:given-name>Henning</ce:given-name><ce:surname>Jensen</ce:surname></ce:author><ce:affiliation id="aff0015" affiliation-id="S0075951117303201-f40894143447a1d25a71a2e434f8b24e"><ce:textfn>Department of Biology, University of Southern Denmark (SDU), Denmark</ce:textfn><sa:affiliation><sa:organization>Department of Biology, University of Southern Denmark (SDU)</sa:organization><sa:country>Denmark</sa:country></sa:affiliation></ce:affiliation></ce:author-group><ce:author-group id="ag0020"><ce:author id="au0020" author-id="S0075951117303201-ee052f82ec31e3bbbdea2fc5a8deb11c"><ce:given-name>Stefan</ce:given-name><ce:surname>Krause</ce:surname></ce:author><ce:affiliation id="aff0020" affiliation-id="S0075951117303201-5e3b5e899af71a744fa2960ac4eb2fa6"><ce:textfn>School of Geography, Earth and Environmental Sciences, University of Birmingham, Edgbaston, UK</ce:textfn><sa:affiliation><sa:organization>School of Geography, Earth and Environmental Sciences, University of Birmingham, Edgbaston</sa:organization><sa:country>UK</sa:country></sa:affiliation></ce:affiliation></ce:author-group><ce:author-group id="ag0025"><ce:author id="au0025" author-id="S0075951117303201-62cec1e44184e16c67e25bb53774063e"><ce:indexed-name>Nutzmann</ce:indexed-name><ce:given-name>Gunnar</ce:given-name><ce:surname>N&#252;tzmann</ce:surname></ce:author><ce:affiliation id="aff0025" affiliation-id="S0075951117303201-4c52f3c8e9017afa58afdd795abf8a03"><ce:textfn>Leibniz Institute of Freshwater Ecology and Inland Fisheries; Department of Ecohydrolgy and Humboldt University of Berlin, Geography Department, Berlin, Germany</ce:textfn><sa:affiliation><sa:organization>Leibniz Institute of Freshwater Ecology and Inland Fisheries; Department of Ecohydrolgy and Humboldt University of Berlin, Geography Department, Berlin</sa:organization><sa:country>Germany</sa:country></sa:affiliation></ce:affiliation></ce:author-group></ja:simple-head></ja:simple-article></doc:document>
