<doc:document xmlns:doc="http://www.elsevier.com/xml/document/schema" xmlns:dp="http://www.elsevier.com/xml/common/doc-properties/schema" xmlns:cps="http://www.elsevier.com/xml/common/consyn-properties/schema" xmlns:rdf="http://www.w3.org/1999/02/22-rdf-syntax-ns#" xmlns:dct="http://purl.org/dc/terms/" xmlns:prism="http://prismstandard.org/namespaces/basic/2.0/" xmlns:oa="http://vtw.elsevier.com/data/ns/properties/OpenAccess-1/" xmlns:cp="http://vtw.elsevier.com/data/ns/properties/Copyright-1/" xmlns:cja="http://www.elsevier.com/xml/cja/schema" xmlns:ja="http://www.elsevier.com/xml/ja/schema" xmlns:bk="http://www.elsevier.com/xml/bk/schema" xmlns:ce="http://www.elsevier.com/xml/common/schema" xmlns:mml="http://www.w3.org/1998/Math/MathML" xmlns:cals="http://www.elsevier.com/xml/common/cals/schema" xmlns:tb="http://www.elsevier.com/xml/common/table/schema" xmlns:sa="http://www.elsevier.com/xml/common/struct-aff/schema" xmlns:sb="http://www.elsevier.com/xml/common/struct-bib/schema" xmlns:xlink="http://www.w3.org/1999/xlink"><rdf:RDF><rdf:Description rdf:about="http://dx.doi.org/10.1016/j.limno.2017.08.001"><dct:format>application/xml</dct:format><dct:title>Synthesizing redox biogeochemistry at aquatic interfaces</dct:title><dct:creator>Maximilian Peter Lau</dct:creator><dct:creator>Robert Niederdorfer</dct:creator><dct:creator>Armando Sepulveda-Jauregui</dct:creator><dct:creator>Michael Hupfer</dct:creator><dct:subject><rdf:Bag><rdf:li>Aquatic redox chemistry</rdf:li><rdf:li>Thermodynamics</rdf:li><rdf:li>Microbial ecology</rdf:li><rdf:li>Microbial respiration</rdf:li><rdf:li>Sediments</rdf:li><rdf:li>Biofilms</rdf:li></rdf:Bag></dct:subject><dct:description>Limnologica 68 (2018) 59-70. doi:10.1016/j.limno.2017.08.001</dct:description><prism:aggregationType>journal</prism:aggregationType><prism:publicationName>Limnologica</prism:publicationName><prism:copyright>&#169; 2017 Elsevier GmbH. All rights reserved.</prism:copyright><dct:publisher>Elsevier GmbH</dct:publisher><prism:issn>0075-9511</prism:issn><prism:volume>68</prism:volume><prism:coverDisplayDate>January 2018</prism:coverDisplayDate><prism:issueName>Special Issue on Aquatic interfaces and linkages: An emerging topic of interdisciplinary research</prism:issueName><prism:pageRange>59-70</prism:pageRange><prism:startingPage>59</prism:startingPage><prism:endingPage>70</prism:endingPage><prism:doi>10.1016/j.limno.2017.08.001</prism:doi><prism:url>http://dx.doi.org/10.1016/j.limno.2017.08.001</prism:url><dct:identifier>doi:10.1016/j.limno.2017.08.001</dct:identifier></rdf:Description></rdf:RDF><dp:document-properties><dp:aggregation-type>Journals</dp:aggregation-type><dp:version-number>S300.1</dp:version-number></dp:document-properties><ja:article version="5.5" xml:lang="en" docsubtype="rev"><ja:item-info><ja:jid>LIMNO</ja:jid><ja:aid>25601</ja:aid><ce:pii>S0075-9511(16)30049-4</ce:pii><ce:doi>10.1016/j.limno.2017.08.001</ce:doi><ce:copyright type="full-transfer" year="2017">Elsevier GmbH</ce:copyright></ja:item-info><ja:head><ce:dochead id="doh0005"><ce:textfn>Review</ce:textfn></ce:dochead><ce:title id="tit0005">Synthesizing redox biogeochemistry at aquatic interfaces</ce:title><ce:author-group id="aug0005"><ce:author id="aut0005" author-id="S0075951116300494-d3abdd72014127983a2b8456aa6d687f"><ce:given-name>Maximilian Peter</ce:given-name><ce:surname>Lau</ce:surname><ce:cross-ref refid="aff0005"><ce:sup loc="post">a</ce:sup></ce:cross-ref><ce:cross-ref refid="cor0005"><ce:sup loc="post">&#x204e;</ce:sup></ce:cross-ref><ce:e-address id="eadd0005" type="email" xlink:href="mailto:lau@igb-berlin.de">lau@igb-berlin.de</ce:e-address></ce:author><ce:author id="aut0010" author-id="S0075951116300494-b82656c033b13f6cd9f082dae7aa8a4e"><ce:given-name>Robert</ce:given-name><ce:surname>Niederdorfer</ce:surname><ce:cross-ref refid="aff0010"><ce:sup loc="post">b</ce:sup></ce:cross-ref></ce:author><ce:author id="aut0015" author-id="S0075951116300494-fd09e21cb8f5a85698ad36b0e7125fc4"><ce:given-name>Armando</ce:given-name><ce:surname>Sepulveda-Jauregui</ce:surname><ce:cross-ref refid="aff0015"><ce:sup loc="post">c</ce:sup></ce:cross-ref></ce:author><ce:author id="aut0020" author-id="S0075951116300494-b0d0312c79723ae6dcf85335345cc4e7"><ce:given-name>Michael</ce:given-name><ce:surname>Hupfer</ce:surname><ce:cross-ref refid="aff0005"><ce:sup loc="post">a</ce:sup></ce:cross-ref></ce:author><ce:affiliation id="aff0005" affiliation-id="S0075951116300494-4fb36d8a1c9f5e72e82ec9578c579bf3"><ce:label>a</ce:label><ce:textfn>Leibniz Institute of Freshwater Ecology and Inland Fisheries, Department of Chemical Analytics and Biogeochemistry, Mueggelseedamm 301, 12587 Berlin, Germany</ce:textfn><sa:affiliation><sa:organization>Leibniz Institute of Freshwater Ecology and Inland Fisheries</sa:organization><sa:organization>Department of Chemical Analytics and Biogeochemistry</sa:organization><sa:address-line>Mueggelseedamm 301</sa:address-line><sa:city>Berlin</sa:city><sa:postal-code>12587</sa:postal-code><sa:country>Germany</sa:country></sa:affiliation></ce:affiliation><ce:affiliation id="aff0010" affiliation-id="S0075951116300494-e2e80d83be37e46f7163e5d4243b13e3"><ce:label>b</ce:label><ce:textfn>University of Vienna, Department of Limnology and Bio-Oceanography, Althanstrasse 14, 1090 Vienna, Austria</ce:textfn><sa:affiliation><sa:organization>University of Vienna</sa:organization><sa:organization>Department of Limnology and Bio-Oceanography</sa:organization><sa:address-line>Althanstrasse 14</sa:address-line><sa:city>Vienna</sa:city><sa:postal-code>1090</sa:postal-code><sa:country>Austria</sa:country></sa:affiliation></ce:affiliation><ce:affiliation id="aff0015" affiliation-id="S0075951116300494-206d342ad2c4126cd7781cd62902f32d"><ce:label>c</ce:label><ce:textfn>University of Magallanes (UMAG), Institute of Patagonia, Av. Manuel Bulnes 01890, Punta Arenas, Chile</ce:textfn><sa:affiliation><sa:organization>Institute of Patagonia (UMAG)</sa:organization><sa:organization>University of Magallanes</sa:organization><sa:address-line>Av. Manuel Bulnes 01890</sa:address-line><sa:city>Punta Arenas</sa:city><sa:country>Chile</sa:country></sa:affiliation></ce:affiliation><ce:correspondence id="cor0005"><ce:label>&#x204e;</ce:label><ce:text>Corresponding author at: Universit&#233; du Qu&#233;bec &#224; Montr&#233;al, Pavillon des sciences biologiques, SB-2855, 2080 St-Urbain, Montr&#233;al, Qu&#233;bec H2X 3X8.</ce:text></ce:correspondence></ce:author-group><ce:date-received day="22" month="6" year="2016"/><ce:date-revised day="3" month="8" year="2017"/><ce:date-accepted day="6" month="8" year="2017"/><ce:abstract id="abs0005" view="all" class="author"><ce:section-title id="sect0005">Abstract</ce:section-title><ce:abstract-sec id="abst0005" view="all"><ce:simple-para id="spar0015" view="all">The exchange of matter and energy between confined components of aquatic ecosystems requires the passage through their interfaces. This passage is characterized by rapid changes in physical, chemical and biological conditions and often triggers chemical transformations that involve the exchange of electrons: redox reactions.</ce:simple-para><ce:simple-para id="spar0020" view="all">Over the last decades, research in aquatic biogeochemistry has resulted in many new but conceptually isolated findings that, together, frame an emergent view on the overarching principles of aquatic redox processes. A thermodynamic assessment may reveal the maximum available energy from such redox reactions. However, this energy can rarely be released due to various morphological, ecological and kinetic constrains on the turnover reactions. As these constrains set the boundary conditions for aquatic ecosystem functioning, they deserve particular attention in freshwater research.</ce:simple-para><ce:simple-para id="spar0025" view="all">Here, we illustrate how physical and structural traits shape a complex redox environment and how this environment ultimately exercises control on the inhabiting microbial community and its metabolism. This aquatic microbiome is the key entity of material turnover. At the same time, the biome possesses the capability to feed back on its environment by shaping the local redox conditions and sustain niche existences. We discuss current and emerging ideas of how microorganisms engineer their environment, affecting aquatic redox reactions. In total, we examine this feed-back cycling between the physical environment and its colonizing biome to encourage the reader to take on the redox perspective when analyzing processes at aquatic interfaces. Understanding electron fluxes on both temporal and spatial scales is essential for the overall comprehension of matter and energy fluxes through freshwater environments. We pinpoint the methodological frontiers that will need to be challenged in future studies of aquatic redox processes. An improved mechanistic understanding will be instrumental in estimating sink and source properties of aquatic ecosystems.</ce:simple-para></ce:abstract-sec></ce:abstract><ce:keywords id="kwd0005" class="abr" view="all"><ce:section-title id="sect0010">Abbreviations</ce:section-title><ce:keyword id="kw0005"><ce:text>AOM</ce:text><ce:keyword id="kw0010"><ce:text>anaerobic oxidation of methane</ce:text></ce:keyword></ce:keyword><ce:keyword id="kw0015"><ce:text>AOM-SR</ce:text><ce:keyword id="kw0020"><ce:text>anaerobic oxidation of methane coupled to sulfate reduction</ce:text></ce:keyword></ce:keyword><ce:keyword id="kw0025"><ce:text>AOM-D</ce:text><ce:keyword id="kw0030"><ce:text>anaerobic oxidation of methane coupled to denitrification</ce:text></ce:keyword></ce:keyword><ce:keyword id="kw0035"><ce:text>AOM-O</ce:text><ce:keyword id="kw0040"><ce:text>anaerobic oxidation of methane coupled to OM reduction</ce:text></ce:keyword></ce:keyword><ce:keyword id="kw0045"><ce:text>DOM</ce:text><ce:keyword id="kw0050"><ce:text>dissolved organic matter</ce:text></ce:keyword></ce:keyword><ce:keyword id="kw0055"><ce:text><ce:italic>E</ce:italic><ce:inf loc="post">h</ce:inf></ce:text><ce:keyword id="kw0060"><ce:text>reduction potential</ce:text></ce:keyword></ce:keyword><ce:keyword id="kw0065"><ce:text>&#x0394;G</ce:text><ce:keyword id="kw0070"><ce:text>difference in Gibb&#x2019;s free energy</ce:text></ce:keyword></ce:keyword><ce:keyword id="kw0075"><ce:text>OM</ce:text><ce:keyword id="kw0080"><ce:text>organic matter</ce:text></ce:keyword></ce:keyword><ce:keyword id="kw0085"><ce:text>TEA</ce:text><ce:keyword id="kw0090"><ce:text>terminal electron acceptor</ce:text></ce:keyword></ce:keyword></ce:keywords><ce:keywords id="kwd0010" class="keyword" view="all"><ce:section-title id="sect0015">Keywords</ce:section-title><ce:keyword id="kw0095"><ce:text>Aquatic redox chemistry</ce:text></ce:keyword><ce:keyword id="kw0100"><ce:text>Thermodynamics</ce:text></ce:keyword><ce:keyword id="kw0105"><ce:text>Microbial ecology</ce:text></ce:keyword><ce:keyword id="kw0110"><ce:text>Microbial respiration</ce:text></ce:keyword><ce:keyword id="kw0115"><ce:text>Sediments</ce:text></ce:keyword><ce:keyword id="kw0120"><ce:text>Biofilms</ce:text></ce:keyword></ce:keywords></ja:head></ja:article></doc:document>
