<doc:document xmlns:doc="http://www.elsevier.com/xml/document/schema" xmlns:dp="http://www.elsevier.com/xml/common/doc-properties/schema" xmlns:cps="http://www.elsevier.com/xml/common/consyn-properties/schema" xmlns:rdf="http://www.w3.org/1999/02/22-rdf-syntax-ns#" xmlns:dct="http://purl.org/dc/terms/" xmlns:prism="http://prismstandard.org/namespaces/basic/2.0/" xmlns:oa="http://vtw.elsevier.com/data/ns/properties/OpenAccess-1/" xmlns:cp="http://vtw.elsevier.com/data/ns/properties/Copyright-1/" xmlns:cja="http://www.elsevier.com/xml/cja/schema" xmlns:ja="http://www.elsevier.com/xml/ja/schema" xmlns:bk="http://www.elsevier.com/xml/bk/schema" xmlns:ce="http://www.elsevier.com/xml/common/schema" xmlns:mml="http://www.w3.org/1998/Math/MathML" xmlns:cals="http://www.elsevier.com/xml/common/cals/schema" xmlns:tb="http://www.elsevier.com/xml/common/table/schema" xmlns:sa="http://www.elsevier.com/xml/common/struct-aff/schema" xmlns:sb="http://www.elsevier.com/xml/common/struct-bib/schema" xmlns:xlink="http://www.w3.org/1999/xlink"><rdf:RDF><rdf:Description rdf:about="http://dx.doi.org/10.1016/j.limno.2017.02.005"><dct:format>application/xml</dct:format><dct:title>Shallow bedrock limits groundwater seepage-based headwater climate refugia</dct:title><dct:creator>Martin A. Briggs</dct:creator><dct:creator>John W. Lane</dct:creator><dct:creator>Craig D. Snyder</dct:creator><dct:creator>Eric A. White</dct:creator><dct:creator>Zachary C. Johnson</dct:creator><dct:creator>David L. Nelms</dct:creator><dct:creator>Nathaniel P. Hitt</dct:creator><dct:subject><rdf:Bag><rdf:li>Groundwater/surface water</rdf:li><rdf:li>Hydrological exchange</rdf:li><rdf:li>Trout</rdf:li><rdf:li>Refugia</rdf:li><rdf:li>Climate</rdf:li><rdf:li>Geophysical</rdf:li><rdf:li>Hyporheic</rdf:li><rdf:li>Climate change</rdf:li><rdf:li>Heat tracer</rdf:li><rdf:li>Headwater</rdf:li></rdf:Bag></dct:subject><dct:description>Limnologica 68 (2018) 142-156. doi:10.1016/j.limno.2017.02.005</dct:description><prism:aggregationType>journal</prism:aggregationType><prism:publicationName>Limnologica</prism:publicationName><prism:copyright>Published by Elsevier GmbH.</prism:copyright><dct:publisher>Elsevier GmbH</dct:publisher><prism:issn>0075-9511</prism:issn><prism:volume>68</prism:volume><prism:coverDisplayDate>January 2018</prism:coverDisplayDate><prism:issueName>Special Issue on Aquatic interfaces and linkages: An emerging topic of interdisciplinary research</prism:issueName><prism:pageRange>142-156</prism:pageRange><prism:startingPage>142</prism:startingPage><prism:endingPage>156</prism:endingPage><prism:doi>10.1016/j.limno.2017.02.005</prism:doi><prism:url>http://dx.doi.org/10.1016/j.limno.2017.02.005</prism:url><dct:identifier>doi:10.1016/j.limno.2017.02.005</dct:identifier></rdf:Description></rdf:RDF><dp:document-properties><dp:aggregation-type>Journals</dp:aggregation-type><dp:version-number>S300.1</dp:version-number></dp:document-properties><ja:article version="5.4" xml:lang="en" docsubtype="fla"><ja:item-info><ja:jid>LIMNO</ja:jid><ja:aid>25572</ja:aid><ce:pii>S0075-9511(17)30059-2</ce:pii><ce:doi>10.1016/j.limno.2017.02.005</ce:doi><ce:copyright type="us-gov" year="2017"/></ja:item-info><ja:head><ce:title id="tit0005">Shallow bedrock limits groundwater seepage-based headwater climate refugia</ce:title><ce:author-group id="aug0005"><ce:author id="aut0005" author-id="S0075951117300592-36ed4def8f6d0ec03dd27f38d77d1c2a"><ce:given-name>Martin A.</ce:given-name><ce:surname>Briggs</ce:surname><ce:cross-ref refid="aff0005"><ce:sup loc="post">a</ce:sup></ce:cross-ref><ce:cross-ref refid="cor0005"><ce:sup loc="post">&#x204e;</ce:sup></ce:cross-ref><ce:e-address id="eadd0005" type="email">mbriggs@usgs.gov</ce:e-address></ce:author><ce:author id="aut0010" author-id="S0075951117300592-a190515be5253f4021c2f360d62f2aed"><ce:given-name>John W.</ce:given-name><ce:surname>Lane</ce:surname><ce:cross-ref refid="aff0005"><ce:sup loc="post">a</ce:sup></ce:cross-ref></ce:author><ce:author id="aut0015" author-id="S0075951117300592-9368672e3c496843a5d2c30570cfa1fc"><ce:given-name>Craig D.</ce:given-name><ce:surname>Snyder</ce:surname><ce:cross-ref refid="aff0010"><ce:sup loc="post">b</ce:sup></ce:cross-ref></ce:author><ce:author id="aut0020" author-id="S0075951117300592-24b3606fc0615407beffe6d84ae66b11"><ce:given-name>Eric A.</ce:given-name><ce:surname>White</ce:surname><ce:cross-ref refid="aff0005"><ce:sup loc="post">a</ce:sup></ce:cross-ref></ce:author><ce:author id="aut0025" author-id="S0075951117300592-1b671573d7b6861f4681529474e8c01e"><ce:given-name>Zachary C.</ce:given-name><ce:surname>Johnson</ce:surname><ce:cross-ref refid="aff0010"><ce:sup loc="post">b</ce:sup></ce:cross-ref></ce:author><ce:author id="aut0030" author-id="S0075951117300592-6e5f6211139265e87f32105c01672d79"><ce:given-name>David L.</ce:given-name><ce:surname>Nelms</ce:surname><ce:cross-ref refid="aff0015"><ce:sup loc="post">c</ce:sup></ce:cross-ref></ce:author><ce:author id="aut0035" author-id="S0075951117300592-92ca8fc4d77d60c827d739d24f583a59"><ce:given-name>Nathaniel P.</ce:given-name><ce:surname>Hitt</ce:surname><ce:cross-ref refid="aff0010"><ce:sup loc="post">b</ce:sup></ce:cross-ref></ce:author><ce:affiliation id="aff0005"><ce:label>a</ce:label><ce:textfn>U.S. Geological Survey, Office of Groundwater, Branch of Geophysics, 11 Sherman Place, Unit 5015, Storrs, CT 06269, USA</ce:textfn><sa:affiliation><sa:organization>U.S. Geological Survey</sa:organization><sa:organization>Office of Groundwater</sa:organization><sa:organization>Branch of Geophysics</sa:organization><sa:address-line>11 Sherman Place</sa:address-line><sa:address-line>Unit 5015</sa:address-line><sa:city>Storrs</sa:city><sa:state>CT</sa:state><sa:postal-code>06269</sa:postal-code><sa:country>USA</sa:country></sa:affiliation></ce:affiliation><ce:affiliation id="aff0010"><ce:label>b</ce:label><ce:textfn>U.S. Geological Survey, Leetown Science Center,11649 Leetown Road, Kearneysville, WV 25430, USA</ce:textfn><sa:affiliation><sa:organization>U.S. Geological Survey</sa:organization><sa:organization>Leetown Science Center</sa:organization><sa:address-line>11649 Leetown Road</sa:address-line><sa:city>Kearneysville</sa:city><sa:state>WV</sa:state><sa:postal-code>25430</sa:postal-code><sa:country>USA</sa:country></sa:affiliation></ce:affiliation><ce:affiliation id="aff0015"><ce:label>c</ce:label><ce:textfn>U.S. Geological Survey, Virginia Water Science Center,1730 East Parham Road, Richmond, VA 23228, USA</ce:textfn><sa:affiliation><sa:organization>U.S. Geological Survey</sa:organization><sa:organization>Virginia Water Science Center</sa:organization><sa:address-line>1730 East Parham Road</sa:address-line><sa:city>Richmond</sa:city><sa:state>VA</sa:state><sa:postal-code>23228</sa:postal-code><sa:country>USA</sa:country></sa:affiliation></ce:affiliation><ce:correspondence id="cor0005"><ce:label>&#x204e;</ce:label><ce:text>Corresponding author.</ce:text></ce:correspondence></ce:author-group><ce:date-received day="26" month="5" year="2016"/><ce:date-revised day="15" month="2" year="2017"/><ce:date-accepted day="21" month="2" year="2017"/><ce:abstract id="abs0005" view="all" class="author"><ce:section-title id="sect0005">Abstract</ce:section-title><ce:abstract-sec id="abst0005" view="all"><ce:simple-para id="spar0065" view="all">Groundwater/surface-water exchanges in streams are inexorably linked to adjacent aquifer dynamics. As surface-water temperatures continue to increase with climate warming, refugia created by groundwater connectivity is expected to enable cold water fish species to survive. The shallow alluvial aquifers that source groundwater seepage to headwater streams, however, may also be sensitive to seasonal and long-term air temperature dynamics. Depth to bedrock can directly influence shallow aquifer flow and thermal sensitivity, but is typically ill-defined along the stream corridor in steep mountain catchments. We employ rapid, cost-effective passive seismic measurements to evaluate the variable thickness of the shallow colluvial and alluvial aquifer sediments along a headwater stream supporting cold water-dependent brook trout (<ce:italic>Salvelinus fontinalis</ce:italic>) in Shenandoah National Park, VA, USA. Using a mean depth to bedrock of 2.6<ce:hsp sp="0.25"/>m, numerical models predicted strong sensitivity of shallow aquifer temperature to the downward propagation of surface heat. The annual temperature dynamics (annual signal amplitude attenuation and phase shift) of potential seepage sourced from the shallow modeled aquifer were compared to several years of paired observed stream and air temperature records. Annual stream water temperature patterns were found to lag local air temperature by &#x223c;8&#x2013;19 d along the stream corridor, indicating that thermal exchange between the stream and shallow groundwater is spatially variable. Locations with greater annual signal phase lag were also associated with locally increased amplitude attenuation, further suggestion of year-round buffering of channel water temperature by groundwater seepage. Numerical models of shallow groundwater temperature that incorporate regional expected climate warming trends indicate that the summer cooling capacity of this groundwater seepage will be reduced over time, and lower-elevation stream sections may no longer serve as larger-scale climate refugia for cold water fish species, even with strong groundwater discharge.</ce:simple-para></ce:abstract-sec></ce:abstract><ce:keywords id="kwd0005" class="keyword" view="all"><ce:section-title id="sect0010">Keywords</ce:section-title><ce:keyword id="kw0005"><ce:text>Groundwater/surface water</ce:text></ce:keyword><ce:keyword id="kw0010"><ce:text>Hydrological exchange</ce:text></ce:keyword><ce:keyword id="kw0015"><ce:text>Trout</ce:text></ce:keyword><ce:keyword id="kw0020"><ce:text>Refugia</ce:text></ce:keyword><ce:keyword id="kw0025"><ce:text>Climate</ce:text></ce:keyword><ce:keyword id="kw0030"><ce:text>Geophysical</ce:text></ce:keyword><ce:keyword id="kw0035"><ce:text>Hyporheic</ce:text></ce:keyword><ce:keyword id="kw0040"><ce:text>Climate change</ce:text></ce:keyword><ce:keyword id="kw0045"><ce:text>Heat tracer</ce:text></ce:keyword><ce:keyword id="kw0050"><ce:text>Headwater</ce:text></ce:keyword></ce:keywords></ja:head></ja:article></doc:document>
