<doc:document xmlns:doc="http://www.elsevier.com/xml/document/schema" xmlns:dp="http://www.elsevier.com/xml/common/doc-properties/schema" xmlns:cps="http://www.elsevier.com/xml/common/consyn-properties/schema" xmlns:rdf="http://www.w3.org/1999/02/22-rdf-syntax-ns#" xmlns:dct="http://purl.org/dc/terms/" xmlns:prism="http://prismstandard.org/namespaces/basic/2.0/" xmlns:oa="http://vtw.elsevier.com/data/ns/properties/OpenAccess-1/" xmlns:cp="http://vtw.elsevier.com/data/ns/properties/Copyright-1/" xmlns:cja="http://www.elsevier.com/xml/cja/schema" xmlns:ja="http://www.elsevier.com/xml/ja/schema" xmlns:bk="http://www.elsevier.com/xml/bk/schema" xmlns:ce="http://www.elsevier.com/xml/common/schema" xmlns:mml="http://www.w3.org/1998/Math/MathML" xmlns:cals="http://www.elsevier.com/xml/common/cals/schema" xmlns:tb="http://www.elsevier.com/xml/common/table/schema" xmlns:sa="http://www.elsevier.com/xml/common/struct-aff/schema" xmlns:sb="http://www.elsevier.com/xml/common/struct-bib/schema" xmlns:xlink="http://www.w3.org/1999/xlink"><rdf:RDF><rdf:Description rdf:about="http://dx.doi.org/10.1016/j.limno.2017.01.003"><dct:format>application/xml</dct:format><dct:title>Natural ponds in an agricultural landscape: External drivers, internal processes, and the role of the terrestrial-aquatic interface</dct:title><dct:creator>Gunnar Lischeid</dct:creator><dct:creator>Thomas Kalettka</dct:creator><dct:creator>Matthias Holl&#228;nder</dct:creator><dct:creator>J&#246;rg Steidl</dct:creator><dct:creator>Christoph Merz</dct:creator><dct:creator>Ralf Dannowski</dct:creator><dct:creator>Tobias Hohenbrink</dct:creator><dct:creator>Christian Lehr</dct:creator><dct:creator>Gabriela Onandia</dct:creator><dct:creator>Florian Reverey</dct:creator><dct:creator>Marlene P&#228;tzig</dct:creator><dct:subject><rdf:Bag><rdf:li>Ponds</rdf:li><rdf:li>Kettle holes</rdf:li><rdf:li>Water quality</rdf:li><rdf:li>Land use</rdf:li><rdf:li>Hydrogeomorphic type</rdf:li><rdf:li>Shore vegetation</rdf:li></rdf:Bag></dct:subject><dct:description>Limnologica 68 (2018) 5-16. doi:10.1016/j.limno.2017.01.003</dct:description><prism:aggregationType>journal</prism:aggregationType><prism:publicationName>Limnologica</prism:publicationName><prism:copyright>&#169; 2017 The Authors. Published by Elsevier GmbH.</prism:copyright><dct:publisher>Elsevier GmbH</dct:publisher><prism:issn>0075-9511</prism:issn><prism:volume>68</prism:volume><prism:coverDisplayDate>January 2018</prism:coverDisplayDate><prism:issueName>Special Issue on Aquatic interfaces and linkages: An emerging topic of interdisciplinary research</prism:issueName><prism:pageRange>5-16</prism:pageRange><prism:startingPage>5</prism:startingPage><prism:endingPage>16</prism:endingPage><prism:doi>10.1016/j.limno.2017.01.003</prism:doi><prism:url>http://dx.doi.org/10.1016/j.limno.2017.01.003</prism:url><dct:identifier>doi:10.1016/j.limno.2017.01.003</dct:identifier><oa:openAccessInformation><oa:openAccessStatus xmlns:bam="http://vtw.elsevier.com/data/voc/ns/bam-vtw-1/" xmlns:xsi="http://www.w3.org/2001/XMLSchema-instance">http://vtw.elsevier.com/data/voc/oa/OpenAccessStatus#Full</oa:openAccessStatus><oa:openAccessEffective xmlns:bam="http://vtw.elsevier.com/data/voc/ns/bam-vtw-1/" xmlns:xsi="http://www.w3.org/2001/XMLSchema-instance">2017-02-02T08:02:03Z</oa:openAccessEffective><oa:sponsor xmlns:bam="http://vtw.elsevier.com/data/voc/ns/bam-vtw-1/" xmlns:xsi="http://www.w3.org/2001/XMLSchema-instance"><oa:sponsorType>http://vtw.elsevier.com/data/voc/oa/SponsorType#Author</oa:sponsorType></oa:sponsor><oa:userLicense xmlns:bam="http://vtw.elsevier.com/data/voc/ns/bam-vtw-1/" xmlns:xsi="http://www.w3.org/2001/XMLSchema-instance">http://creativecommons.org/licenses/by-nc-nd/4.0/</oa:userLicense></oa:openAccessInformation><cp:licenseLine xmlns:bam="http://vtw.elsevier.com/data/voc/ns/bam-vtw-1/" xmlns:xsi="http://www.w3.org/2001/XMLSchema-instance">This is an open access article under the CC BY-NC-ND license.</cp:licenseLine></rdf:Description></rdf:RDF><dp:document-properties><dp:aggregation-type>Journals</dp:aggregation-type><dp:version-number>S300.1</dp:version-number></dp:document-properties><ja:article version="5.4" xml:lang="en" docsubtype="fla"><ja:item-info><ja:jid>LIMNO</ja:jid><ja:aid>25560</ja:aid><ce:pii>S0075-9511(16)30052-4</ce:pii><ce:doi>10.1016/j.limno.2017.01.003</ce:doi><ce:copyright type="other" year="2017">The Authors</ce:copyright></ja:item-info><ja:head><ce:title id="tit0005">Natural ponds in an agricultural landscape: External drivers, internal processes, and the role of the terrestrial-aquatic interface</ce:title><ce:author-group id="aug0005"><ce:author id="aut0005" author-id="S0075951116300524-61f5ae3ea424ee14c57c4ba0e2090fca"><ce:given-name>Gunnar</ce:given-name><ce:surname>Lischeid</ce:surname><ce:cross-ref refid="aff0005"><ce:sup loc="post">a</ce:sup></ce:cross-ref><ce:cross-ref refid="aff0010"><ce:sup loc="post">b</ce:sup></ce:cross-ref><ce:cross-ref refid="cor0005"><ce:sup loc="post">&#x204e;</ce:sup></ce:cross-ref><ce:e-address id="eadd0005" type="email">lischeid@zalf.de</ce:e-address></ce:author><ce:author id="aut0010" author-id="S0075951116300524-d4c82d01d6709b68897e7ab8cae68240"><ce:given-name>Thomas</ce:given-name><ce:surname>Kalettka</ce:surname><ce:cross-ref refid="aff0005"><ce:sup loc="post">a</ce:sup></ce:cross-ref></ce:author><ce:author id="aut0015" author-id="S0075951116300524-5361b3ea72c4dd0ce4e92b8abad6163f"><ce:given-name>Matthias</ce:given-name><ce:surname>Holl&#228;nder</ce:surname><ce:cross-ref refid="aff0010"><ce:sup loc="post">b</ce:sup></ce:cross-ref></ce:author><ce:author id="aut0020" author-id="S0075951116300524-fa9e75b3243eed95cf82b5215f76b37b"><ce:given-name>J&#246;rg</ce:given-name><ce:surname>Steidl</ce:surname><ce:cross-ref refid="aff0005"><ce:sup loc="post">a</ce:sup></ce:cross-ref></ce:author><ce:author id="aut0025" author-id="S0075951116300524-c60255817d942b0f0003dd4a81beeeff"><ce:given-name>Christoph</ce:given-name><ce:surname>Merz</ce:surname><ce:cross-ref refid="aff0005"><ce:sup loc="post">a</ce:sup></ce:cross-ref></ce:author><ce:author id="aut0030" author-id="S0075951116300524-45f4b12eb7daebd6b9d36d4af7a9ee67"><ce:given-name>Ralf</ce:given-name><ce:surname>Dannowski</ce:surname><ce:cross-ref refid="aff0005"><ce:sup loc="post">a</ce:sup></ce:cross-ref></ce:author><ce:author id="aut0035" author-id="S0075951116300524-066ad716eb38c38adfaac32785e45e43"><ce:given-name>Tobias</ce:given-name><ce:surname>Hohenbrink</ce:surname><ce:cross-ref refid="aff0005"><ce:sup loc="post">a</ce:sup></ce:cross-ref><ce:cross-ref refid="aff0010"><ce:sup loc="post">b</ce:sup></ce:cross-ref><ce:cross-ref refid="aff0015"><ce:sup loc="post">c</ce:sup></ce:cross-ref></ce:author><ce:author id="aut0040" author-id="S0075951116300524-2169a4ea2a06af3ad9780c7fc1029ade"><ce:given-name>Christian</ce:given-name><ce:surname>Lehr</ce:surname><ce:cross-ref refid="aff0005"><ce:sup loc="post">a</ce:sup></ce:cross-ref><ce:cross-ref refid="aff0010"><ce:sup loc="post">b</ce:sup></ce:cross-ref></ce:author><ce:author id="aut0045" author-id="S0075951116300524-93cd7c24b0ff0edeb30780b98a005b8b"><ce:given-name>Gabriela</ce:given-name><ce:surname>Onandia</ce:surname><ce:cross-ref refid="aff0005"><ce:sup loc="post">a</ce:sup></ce:cross-ref></ce:author><ce:author id="aut0050" author-id="S0075951116300524-95435bcd429991e215654f21d88a56a3"><ce:given-name>Florian</ce:given-name><ce:surname>Reverey</ce:surname><ce:cross-ref refid="aff0005"><ce:sup loc="post">a</ce:sup></ce:cross-ref><ce:cross-ref refid="aff0010"><ce:sup loc="post">b</ce:sup></ce:cross-ref></ce:author><ce:author id="aut0055" author-id="S0075951116300524-52f8fcca135e69e4d7ca5bb8903bad5d"><ce:given-name>Marlene</ce:given-name><ce:surname>P&#228;tzig</ce:surname><ce:cross-ref refid="aff0005"><ce:sup loc="post">a</ce:sup></ce:cross-ref></ce:author><ce:affiliation id="aff0005"><ce:label>a</ce:label><ce:textfn>Leibniz Centre for Agricultural Landscape Research, Eberswalder Stra&#223;e 84, D-15373 M&#252;ncheberg, Germany</ce:textfn><sa:affiliation><sa:organization>Leibniz Centre for Agricultural Landscape Research</sa:organization><sa:address-line>Eberswalder Stra&#223;e 84</sa:address-line><sa:city>M&#252;ncheberg</sa:city><sa:postal-code>D-15373</sa:postal-code><sa:country>Germany</sa:country></sa:affiliation></ce:affiliation><ce:affiliation id="aff0010"><ce:label>b</ce:label><ce:textfn>University of Potsdam, Institute of Earth and Environmental Sciences, Karl-Liebknecht-Strasse 24-25, D-14476 Potsdam, Germany</ce:textfn><sa:affiliation><sa:organization>University of Potsdam</sa:organization><sa:organization>Institute of Earth and Environmental Sciences</sa:organization><sa:address-line>Karl-Liebknecht-Strasse 24-25</sa:address-line><sa:city>Potsdam</sa:city><sa:postal-code>D-14476</sa:postal-code><sa:country>Germany</sa:country></sa:affiliation></ce:affiliation><ce:affiliation id="aff0015"><ce:label>c</ce:label><ce:textfn>Technical University of Berlin, FG Ecohydrology and Landscape Evaluation, Ernst-Reuter-Platz 1, 10587 Berlin and Technical University of Braunschweig, Landscape Ecology and Environmental Systems Analysis, Institute of Geoecology, Langer Kamp 19c, 38106 Braunschweig, Germany</ce:textfn><sa:affiliation><sa:organization>Technical University of Berlin</sa:organization><sa:organization>FG Ecohydrology and Landscape Evaluation</sa:organization><sa:organization>Ernst-Reuter-Platz 1</sa:organization><sa:organization>10587 Berlin and Technical University of Braunschweig</sa:organization><sa:organization>Landscape Ecology and Environmental Systems Analysis</sa:organization><sa:organization>Institute of Geoecology</sa:organization><sa:address-line>Langer Kamp 19c</sa:address-line><sa:city>Braunschweig</sa:city><sa:postal-code>38106</sa:postal-code><sa:country>Germany</sa:country></sa:affiliation></ce:affiliation><ce:correspondence id="cor0005"><ce:label>&#x204e;</ce:label><ce:text>Corresponding author at: Leibniz Centre for Agricultural Landscape Research, Eberswalder Stra&#223;e 84, D-15373 M&#252;ncheberg, Germany.</ce:text></ce:correspondence></ce:author-group><ce:date-received day="28" month="6" year="2016"/><ce:date-revised day="9" month="12" year="2016"/><ce:date-accepted day="20" month="1" year="2017"/><ce:abstract id="abs0005" view="all" class="author"><ce:section-title id="sect0005">Abstract</ce:section-title><ce:abstract-sec id="abst0005" view="all"><ce:simple-para id="spar0045" view="all">The pleistocenic landscape in North Europe, North Asia and North America is spotted with thousands of natural ponds called kettle holes. They are biological and biogeochemical hotspots. Due to small size, small perimeter and shallow depth biological and biogeochemical processes in kettle holes are closely linked to the dynamics and the emissions of the terrestrial environment. On the other hand, their intriguing high spatial and temporal variability makes a sound understanding of the terrestrial-aquatic link very difficult. It is presumed that intensive agricultural land use during the last decades has resulted in a ubiquitous high nutrient load. However, the water quality encountered at single sites highly depends on internal biogeochemical processes and thus can differ substantially even between adjacent sites.</ce:simple-para><ce:simple-para id="spar0050" view="all">This study aimed at elucidating the interplay between external drivers and internal processes based on a thorough analysis of a comprehensive kettle hole water quality data set. To study the role of external drivers, effects of land use in the adjacent terrestrial environment, effects of vegetation at the interface between terrestrial and aquatic systems, and that of kettle hole morphology on water quality was investigated. None of these drivers was prone to strong with-in year variability. Thus temporal variability of spatial patterns could point to the role of internal biogeochemical processes. To that end, the temporal stability of the respective spatial patterns was studied as well for various solutes. All of these analyses were performed for a set of different variables. Different results for different solutes were then used as a source of information about the respective driving processes. In the Quillow catchment in the Uckermark region, about 100<ce:hsp sp="0.25"/>km north of Berlin, Germany, 62 kettle holes have been regularly sampled since 2013. Kettle hole catchments were determined based on a groundwater level map of the uppermost aquifer. The catchments were not clearly related to topography. Spatial patterns of kettle hole water concentration of (earth) alkaline metals and chloride were fairly stable, presumably reflecting solute concentration of the uppermost aquifer. In contrast, spatial patterns of nutrients and redox-sensitive solutes within the kettle holes were hardly correlated between different sampling campaigns. Correspondingly, effects of season, hydrogeomorphic kettle hole type, shore vegetation or land use in the respective catchments were significant but explained only a minor portion of the total variance.</ce:simple-para><ce:simple-para id="spar0055" view="all">It is concluded that internal processes mask effects of the terrestrial environment. There is some evidence that denitrification and phosphorus release from the sediment during frequent periods of hypoxia might play a major role. The latter seems to boost primary production occasionally. These processes do not follow a clear seasonal pattern and are still not well understood.</ce:simple-para></ce:abstract-sec></ce:abstract><ce:keywords id="kwd0005" class="keyword" view="all"><ce:section-title id="sect0010">Keywords</ce:section-title><ce:keyword id="kw0005"><ce:text>Ponds</ce:text></ce:keyword><ce:keyword id="kw0010"><ce:text>Kettle holes</ce:text></ce:keyword><ce:keyword id="kw0015"><ce:text>Water quality</ce:text></ce:keyword><ce:keyword id="kw0020"><ce:text>Land use</ce:text></ce:keyword><ce:keyword id="kw0025"><ce:text>Hydrogeomorphic type</ce:text></ce:keyword><ce:keyword id="kw0030"><ce:text>Shore vegetation</ce:text></ce:keyword></ce:keywords></ja:head></ja:article></doc:document>
