<doc:document xmlns:doc="http://www.elsevier.com/xml/document/schema" xmlns:dp="http://www.elsevier.com/xml/common/doc-properties/schema" xmlns:cps="http://www.elsevier.com/xml/common/consyn-properties/schema" xmlns:rdf="http://www.w3.org/1999/02/22-rdf-syntax-ns#" xmlns:dct="http://purl.org/dc/terms/" xmlns:prism="http://prismstandard.org/namespaces/basic/2.0/" xmlns:oa="http://vtw.elsevier.com/data/ns/properties/OpenAccess-1/" xmlns:cp="http://vtw.elsevier.com/data/ns/properties/Copyright-1/" xmlns:cja="http://www.elsevier.com/xml/cja/schema" xmlns:ja="http://www.elsevier.com/xml/ja/schema" xmlns:bk="http://www.elsevier.com/xml/bk/schema" xmlns:ce="http://www.elsevier.com/xml/common/schema" xmlns:mml="http://www.w3.org/1998/Math/MathML" xmlns:cals="http://www.elsevier.com/xml/common/cals/schema" xmlns:tb="http://www.elsevier.com/xml/common/table/schema" xmlns:sa="http://www.elsevier.com/xml/common/struct-aff/schema" xmlns:sb="http://www.elsevier.com/xml/common/struct-bib/schema" xmlns:xlink="http://www.w3.org/1999/xlink"><rdf:RDF><rdf:Description rdf:about="http://dx.doi.org/10.1016/j.limno.2017.10.003"><dct:format>application/xml</dct:format><dct:title>Assessing net-uptake of nitrate and natural dissolved organic matter fractions in a revitalized lowland stream reach</dct:title><dct:creator>Daniel Graeber</dct:creator><dct:creator>Stefan Lorenz</dct:creator><dct:creator>Jane Rosenstand Poulsen</dct:creator><dct:creator>Marlen Heinz</dct:creator><dct:creator>Daniel von Schiller</dct:creator><dct:creator>Bj&#246;rn G&#252;cker</dct:creator><dct:creator>J&#246;rg Gelbrecht</dct:creator><dct:creator>Brian Kronvang</dct:creator><dct:subject><rdf:Bag><rdf:li>Stream restoration</rdf:li><rdf:li>Dissolved organic carbon</rdf:li><rdf:li>Dissolved organic nitrogen</rdf:li><rdf:li>PARAFAC</rdf:li><rdf:li>Fluorescence</rdf:li><rdf:li>Nutrient spiraling</rdf:li><rdf:li>DOC</rdf:li><rdf:li>DON</rdf:li></rdf:Bag></dct:subject><dct:description>Limnologica 68 (2018) 82-91. doi:10.1016/j.limno.2017.10.003</dct:description><prism:aggregationType>journal</prism:aggregationType><prism:publicationName>Limnologica</prism:publicationName><prism:copyright>&#169; 2017 Elsevier GmbH. All rights reserved.</prism:copyright><dct:publisher>Elsevier GmbH</dct:publisher><prism:issn>0075-9511</prism:issn><prism:volume>68</prism:volume><prism:coverDisplayDate>January 2018</prism:coverDisplayDate><prism:issueName>Special Issue on Aquatic interfaces and linkages: An emerging topic of interdisciplinary research</prism:issueName><prism:pageRange>82-91</prism:pageRange><prism:startingPage>82</prism:startingPage><prism:endingPage>91</prism:endingPage><prism:doi>10.1016/j.limno.2017.10.003</prism:doi><prism:url>http://dx.doi.org/10.1016/j.limno.2017.10.003</prism:url><dct:identifier>doi:10.1016/j.limno.2017.10.003</dct:identifier></rdf:Description></rdf:RDF><dp:document-properties><dp:aggregation-type>Journals</dp:aggregation-type><dp:version-number>S300.1</dp:version-number></dp:document-properties><ja:article version="5.5" xml:lang="en" docsubtype="fla"><ja:item-info><ja:jid>LIMNO</ja:jid><ja:aid>25613</ja:aid><ce:pii>S0075-9511(16)30051-2</ce:pii><ce:doi>10.1016/j.limno.2017.10.003</ce:doi><ce:copyright type="full-transfer" year="2017">Elsevier GmbH</ce:copyright></ja:item-info><ja:head><ce:title id="tit0005">Assessing net-uptake of nitrate and natural dissolved organic matter fractions in a revitalized lowland stream reach</ce:title><ce:author-group id="aug0005"><ce:author id="aut0005" author-id="S0075951116300512-3b76e338cd07dc3ec54a90bd0cf3fdc3"><ce:given-name>Daniel</ce:given-name><ce:surname>Graeber</ce:surname><ce:cross-ref refid="aff0005"><ce:sup loc="post">a</ce:sup></ce:cross-ref><ce:cross-ref refid="cor0005"><ce:sup loc="post">&#x204e;</ce:sup></ce:cross-ref><ce:e-address id="eadd0005" type="email" xlink:href="mailto:daniel.graeber@ufz.de">daniel.graeber@ufz.de</ce:e-address></ce:author><ce:author id="aut0010" author-id="S0075951116300512-45c51ecdefdd6a77854e39492111417d"><ce:given-name>Stefan</ce:given-name><ce:surname>Lorenz</ce:surname><ce:cross-ref refid="aff0010"><ce:sup loc="post">b</ce:sup></ce:cross-ref></ce:author><ce:author id="aut0015" author-id="S0075951116300512-d40d276815d43d048d4c2922c39a9475"><ce:given-name>Jane Rosenstand</ce:given-name><ce:surname>Poulsen</ce:surname><ce:cross-ref refid="aff0015"><ce:sup loc="post">c</ce:sup></ce:cross-ref></ce:author><ce:author id="aut0020" author-id="S0075951116300512-05a104310ff049d6e6e688c0e692e73f"><ce:given-name>Marlen</ce:given-name><ce:surname>Heinz</ce:surname><ce:cross-ref refid="aff0010"><ce:sup loc="post">b</ce:sup></ce:cross-ref></ce:author><ce:author id="aut0025" author-id="S0075951116300512-5150717270e9968371398358f91a4f76"><ce:given-name>Daniel von</ce:given-name><ce:surname>Schiller</ce:surname><ce:cross-ref refid="aff0020"><ce:sup loc="post">d</ce:sup></ce:cross-ref></ce:author><ce:author id="aut0030" author-id="S0075951116300512-a0171f57dc572db99ffd5a494c66b873"><ce:given-name>Bj&#246;rn</ce:given-name><ce:surname>G&#252;cker</ce:surname><ce:cross-ref refid="aff0025"><ce:sup loc="post">e</ce:sup></ce:cross-ref></ce:author><ce:author id="aut0035" author-id="S0075951116300512-725613f0d217d8bba7f6415b12b40b03"><ce:given-name>J&#246;rg</ce:given-name><ce:surname>Gelbrecht</ce:surname><ce:cross-ref refid="aff0030"><ce:sup loc="post">f</ce:sup></ce:cross-ref></ce:author><ce:author id="aut0040" author-id="S0075951116300512-56bae8e8ea41ff9d6bb12c65604c949b"><ce:given-name>Brian</ce:given-name><ce:surname>Kronvang</ce:surname><ce:cross-ref refid="aff0015"><ce:sup loc="post">c</ce:sup></ce:cross-ref></ce:author><ce:affiliation id="aff0005" affiliation-id="S0075951116300512-3e2ab7be224229dbca5a13e539af79bf"><ce:label>a</ce:label><ce:textfn>Department of Aquatic Ecosystem Analysis, Helmholtz Centre for Environmental Research &#x2212; UFZ, Germany</ce:textfn><sa:affiliation><sa:organization>Department of Aquatic Ecosystem Analysis</sa:organization><sa:organization>Helmholtz Centre for Environmental Research &#x2212; UFZ</sa:organization><sa:country>Germany</sa:country></sa:affiliation></ce:affiliation><ce:affiliation id="aff0010" affiliation-id="S0075951116300512-ab5de026750815cf36c0f6f97e4d1692"><ce:label>b</ce:label><ce:textfn>Institute for Ecological Chemistry, Plant Analysis &amp; Stored Product Protection, Julius K&#252;hn Institute, Germany</ce:textfn><sa:affiliation><sa:organization>Institute for Ecological Chemistry</sa:organization><sa:organization>Plant Analysis &amp; Stored Product Protection</sa:organization><sa:organization>Julius K&#252;hn Institute</sa:organization><sa:country>Germany</sa:country></sa:affiliation></ce:affiliation><ce:affiliation id="aff0015" affiliation-id="S0075951116300512-fb27ea23e8a205de12b1524e4a7c5ff6"><ce:label>c</ce:label><ce:textfn>Department of Bioscience, Aarhus University, Denmark</ce:textfn><sa:affiliation><sa:organization>Department of Bioscience</sa:organization><sa:organization>Aarhus University</sa:organization><sa:country>Denmark</sa:country></sa:affiliation></ce:affiliation><ce:affiliation id="aff0020" affiliation-id="S0075951116300512-ebb164ae3b2d3206aae217c6f3b55004"><ce:label>d</ce:label><ce:textfn>Department of Plant Biology and Ecology, Faculty of Science and Technology, University of the Basque Country, Spain</ce:textfn><sa:affiliation><sa:organization>Department of Plant Biology and Ecology</sa:organization><sa:organization>Faculty of Science and Technology</sa:organization><sa:organization>University of the Basque Country</sa:organization><sa:country>Spain</sa:country></sa:affiliation></ce:affiliation><ce:affiliation id="aff0025" affiliation-id="S0075951116300512-99ecd5aeb9375a5d9de110f56dd6171c"><ce:label>e</ce:label><ce:textfn>Applied Limnology Laboratory, Department of Geosciences, Federal University of S&#227;o Jo&#227;o del-Rei, Brazil</ce:textfn><sa:affiliation><sa:organization>Applied Limnology Laboratory</sa:organization><sa:organization>Department of Geosciences</sa:organization><sa:organization>Federal University of S&#227;o Jo&#227;o del-Rei</sa:organization><sa:country>Brazil</sa:country></sa:affiliation></ce:affiliation><ce:affiliation id="aff0030" affiliation-id="S0075951116300512-e50501fb0240e5f4a3a432ef4fffdfd2"><ce:label>f</ce:label><ce:textfn>Department of Chemical Analytics and Biogeochemistry, Leibniz-Institute of Freshwater Ecology and Inland Fisheries, Germany</ce:textfn><sa:affiliation><sa:organization>Department of Chemical Analytics and Biogeochemistry</sa:organization><sa:organization>Leibniz-Institute of Freshwater Ecology and Inland Fisheries</sa:organization><sa:country>Germany</sa:country></sa:affiliation></ce:affiliation><ce:correspondence id="cor0005"><ce:label>&#x204e;</ce:label><ce:text>Corresponding author.</ce:text></ce:correspondence></ce:author-group><ce:date-received day="22" month="6" year="2016"/><ce:date-revised day="18" month="8" year="2017"/><ce:date-accepted day="18" month="10" year="2017"/><ce:abstract id="abs0005" view="all" class="author"><ce:section-title id="sect0005">Abstract</ce:section-title><ce:abstract-sec id="abst0005" view="all"><ce:simple-para id="spar0045" view="all">Lowland streams are often revitalized by hydrologically reconnecting their surrounding terrestrial environment, which likely alters central ecosystem functions such as autotrophic and heterotrophic carbon and nutrient metabolism. However, such central ecosystem functions of stream reaches following revitalization have rarely been investigated. Here, we measured net-uptake of nitrate and of various dissolved organic carbon (DOC) and dissolved organic nitrogen (DON) fractions (using size-exclusion chromatography, SEC), as well as fluorescence components (established by parallel factor analysis, PARAFAC) repeatedly along a revitalized 1.4<ce:hsp sp="0.25"/>km reach of a Danish lowland stream during base flow conditions. Samples were taken at six stations every three hours for one day. We measured discharge at five of the six stations to calculate whole-stream net-uptake. Moreover, we continuously measured oxygen at the start and at the end of the reach to assess stream metabolism, and took piezometer samples from ten shallow groundwater sites to assess potential determinants of organic matter and nitrate metabolism. We found high metabolic activity within the stream reach with a gross-primary production of 4.8 and 3.6<ce:hsp sp="0.25"/>g O<ce:inf loc="post">2</ce:inf> m<ce:sup loc="post">&#x2212;2</ce:sup><ce:hsp sp="0.25"/>day<ce:sup loc="post">&#x2212;1</ce:sup> and a production to respiration ratio of 0.8 and 0.9 at the start and end of the reach, respectively. Nitrate exhibited relatively constant high net-uptake rates of 0.41&#x2013;0.52<ce:hsp sp="0.25"/>g<ce:hsp sp="0.25"/>N<ce:hsp sp="0.25"/>m<ce:sup loc="post">&#x2212;2</ce:sup> d<ce:sup loc="post">&#x2212;1</ce:sup>, which varied little and were not related to the time of the day. Therefore, autotrophic nitrate uptake for was likely of minor importance, despite the apparently high primary production. In contrast, SEC DON and DOC fractions, as well as PARAFAC components did not suggest net-uptake or release. Instead, DOC and DON concentration were highly variable among the six stations and sampling times, a pattern that was not explainable by measurement errors but was likely related to the high variability of DOC and DON concentrations in the hyporheic zone and adjacent groundwater bodies. This pointed to a potentially high interaction with the hyporheic and riparian zone, underlining the strong linkage of DOM-related processes across the terrestrial-aquatic boundary. The high nitrate uptake points to the high retention potential of revitalized stream reaches, which, however, would need to be corroborated by further studies with reference reaches.</ce:simple-para></ce:abstract-sec></ce:abstract><ce:keywords id="kwd0005" class="keyword" view="all"><ce:section-title id="sect0010">Keywords</ce:section-title><ce:keyword id="kw0005"><ce:text>Stream restoration</ce:text></ce:keyword><ce:keyword id="kw0010"><ce:text>Dissolved organic carbon</ce:text></ce:keyword><ce:keyword id="kw0015"><ce:text>Dissolved organic nitrogen</ce:text></ce:keyword><ce:keyword id="kw0020"><ce:text>PARAFAC</ce:text></ce:keyword><ce:keyword id="kw0025"><ce:text>Fluorescence</ce:text></ce:keyword><ce:keyword id="kw0030"><ce:text>Nutrient spiraling</ce:text></ce:keyword><ce:keyword id="kw0035"><ce:text>DOC</ce:text></ce:keyword><ce:keyword id="kw0040"><ce:text>DON</ce:text></ce:keyword></ce:keywords></ja:head></ja:article></doc:document>
