<doc:document xmlns:doc="http://www.elsevier.com/xml/document/schema" xmlns:dp="http://www.elsevier.com/xml/common/doc-properties/schema" xmlns:cps="http://www.elsevier.com/xml/common/consyn-properties/schema" xmlns:rdf="http://www.w3.org/1999/02/22-rdf-syntax-ns#" xmlns:dct="http://purl.org/dc/terms/" xmlns:prism="http://prismstandard.org/namespaces/basic/2.0/" xmlns:oa="http://vtw.elsevier.com/data/ns/properties/OpenAccess-1/" xmlns:cp="http://vtw.elsevier.com/data/ns/properties/Copyright-1/" xmlns:cja="http://www.elsevier.com/xml/cja/schema" xmlns:ja="http://www.elsevier.com/xml/ja/schema" xmlns:bk="http://www.elsevier.com/xml/bk/schema" xmlns:ce="http://www.elsevier.com/xml/common/schema" xmlns:mml="http://www.w3.org/1998/Math/MathML" xmlns:cals="http://www.elsevier.com/xml/common/cals/schema" xmlns:tb="http://www.elsevier.com/xml/common/table/schema" xmlns:sa="http://www.elsevier.com/xml/common/struct-aff/schema" xmlns:sb="http://www.elsevier.com/xml/common/struct-bib/schema" xmlns:xlink="http://www.w3.org/1999/xlink"><rdf:RDF><rdf:Description rdf:about="http://dx.doi.org/10.1016/j.limno.2017.04.005"><dct:format>application/xml</dct:format><dct:title>Gradients of organic matter quality, mineralization and sequestration in Cook&#x2019;s Bay of Lake Simcoe, Canada</dct:title><dct:creator>Christian Blodau</dct:creator><dct:creator>Svenja Agethen</dct:creator><dct:creator>Tanja Broder</dct:creator><dct:creator>Klaus-Holger Knorr</dct:creator><dct:subject><rdf:Bag><rdf:li>Carbon sequestration</rdf:li><rdf:li>Burial efficiency</rdf:li><rdf:li>Dissolved organic matter</rdf:li><rdf:li>Fluorescence</rdf:li><rdf:li>Pore water modelling</rdf:li><rdf:li>Lake sediments</rdf:li></rdf:Bag></dct:subject><dct:description>Limnologica 68 (2018) 92-104. doi:10.1016/j.limno.2017.04.005</dct:description><prism:aggregationType>journal</prism:aggregationType><prism:publicationName>Limnologica</prism:publicationName><prism:copyright>&#169; 2017 Elsevier GmbH. All rights reserved.</prism:copyright><dct:publisher>Elsevier GmbH</dct:publisher><prism:issn>0075-9511</prism:issn><prism:volume>68</prism:volume><prism:coverDisplayDate>January 2018</prism:coverDisplayDate><prism:issueName>Special Issue on Aquatic interfaces and linkages: An emerging topic of interdisciplinary research</prism:issueName><prism:pageRange>92-104</prism:pageRange><prism:startingPage>92</prism:startingPage><prism:endingPage>104</prism:endingPage><prism:doi>10.1016/j.limno.2017.04.005</prism:doi><prism:url>http://dx.doi.org/10.1016/j.limno.2017.04.005</prism:url><dct:identifier>doi:10.1016/j.limno.2017.04.005</dct:identifier></rdf:Description></rdf:RDF><dp:document-properties><dp:aggregation-type>Journals</dp:aggregation-type><dp:version-number>S300.1</dp:version-number></dp:document-properties><ja:article version="5.4" xml:lang="en" docsubtype="fla"><ja:item-info><ja:jid>LIMNO</ja:jid><ja:aid>25581</ja:aid><ce:pii>S0075-9511(16)30075-5</ce:pii><ce:doi>10.1016/j.limno.2017.04.005</ce:doi><ce:copyright type="full-transfer" year="2017">Elsevier GmbH</ce:copyright></ja:item-info><ja:head><ce:title id="tit0005">Gradients of organic matter quality, mineralization and sequestration in Cook&#x2019;s Bay of Lake Simcoe, Canada</ce:title><ce:author-group id="aug0005"><ce:author id="aut0005" author-id="S0075951116300755-9c34ff270cf1da1307ae0cb2f87501f1"><ce:given-name>Christian</ce:given-name><ce:surname>Blodau</ce:surname><ce:cross-ref refid="aff0005"><ce:sup loc="post">a</ce:sup></ce:cross-ref><ce:cross-ref refid="aff0010"><ce:sup loc="post">b</ce:sup></ce:cross-ref></ce:author><ce:author id="aut0010" author-id="S0075951116300755-19aebc5d434f8aad7808e46f2b9e2b7d"><ce:given-name>Svenja</ce:given-name><ce:surname>Agethen</ce:surname><ce:cross-ref refid="aff0005"><ce:sup loc="post">a</ce:sup></ce:cross-ref><ce:cross-ref refid="aff0010"><ce:sup loc="post">b</ce:sup></ce:cross-ref></ce:author><ce:author id="aut0015" author-id="S0075951116300755-4382763887ca477e2c5b60e8374a217d"><ce:given-name>Tanja</ce:given-name><ce:surname>Broder</ce:surname><ce:cross-ref refid="aff0010"><ce:sup loc="post">b</ce:sup></ce:cross-ref></ce:author><ce:author id="aut0020" author-id="S0075951116300755-60631e057fdee5340e94b7472a56f630"><ce:given-name>Klaus-Holger</ce:given-name><ce:surname>Knorr</ce:surname><ce:cross-ref refid="aff0005"><ce:sup loc="post">a</ce:sup></ce:cross-ref><ce:cross-ref refid="aff0015"><ce:sup loc="post">c</ce:sup></ce:cross-ref><ce:cross-ref refid="cor0005"><ce:sup loc="post">&#x204e;</ce:sup></ce:cross-ref><ce:e-address id="eadd0005" type="email">kh.knorr@uni-muenster.de</ce:e-address></ce:author><ce:affiliation id="aff0005"><ce:label>a</ce:label><ce:textfn>Ecohydrology and Biogeochemistry Group, Institute of Landscape Ecology, University of M&#252;nster, Germany</ce:textfn><sa:affiliation><sa:organization>Ecohydrology and Biogeochemistry Group</sa:organization><sa:organization>Institute of Landscape Ecology</sa:organization><sa:organization>University of M&#252;nster</sa:organization><sa:country>Germany</sa:country></sa:affiliation></ce:affiliation><ce:affiliation id="aff0010"><ce:label>b</ce:label><ce:textfn>School of Environmental Sciences, University of Guelph, Canada</ce:textfn><sa:affiliation><sa:organization>School of Environmental Sciences</sa:organization><sa:organization>University of Guelph</sa:organization><sa:country>Canada</sa:country></sa:affiliation></ce:affiliation><ce:affiliation id="aff0015"><ce:label>c</ce:label><ce:textfn>Limnological Research Station, University of Bayreuth, Germany</ce:textfn><sa:affiliation><sa:organization>Limnological Research Station</sa:organization><sa:organization>University of Bayreuth</sa:organization><sa:country>Germany</sa:country></sa:affiliation></ce:affiliation><ce:correspondence id="cor0005"><ce:label>&#x204e;</ce:label><ce:text>Corresponding author at: Ecohydrology and Biogeochemistry Group, Institute of Landscape Ecology, University of M&#252;nster, Germany.</ce:text></ce:correspondence></ce:author-group><ce:date-received day="11" month="7" year="2016"/><ce:date-accepted day="7" month="4" year="2017"/><ce:abstract id="abs0005" class="author-highlights" view="all"><ce:section-title id="sect0005">Highlights</ce:section-title><ce:abstract-sec id="abst0005" view="all"><ce:simple-para id="spar0055" view="all"><ce:list id="lis0005"><ce:list-item id="lsti0005"><ce:label>&#x2022;</ce:label><ce:para id="par0005" view="all">Burial of organic carbon in lake sediments was studied in Cook&#x2019;s Bay (Lake Simcoe) along a transect from the major tributary towards the main lake.</ce:para></ce:list-item><ce:list-item id="lsti0010"><ce:label>&#x2022;</ce:label><ce:para id="par0010" view="all">Organic carbon burial efficiency in large hard water lake increases with inorganic sedimentation.</ce:para></ce:list-item><ce:list-item id="lsti0015"><ce:label>&#x2022;</ce:label><ce:para id="par0015" view="all">High rates of inorganic sedimentation shortened the exposure time of organic matter to electron acceptors for decomposition.</ce:para></ce:list-item><ce:list-item id="lsti0020"><ce:label>&#x2022;</ce:label><ce:para id="par0020" view="all">Organic matter quality and temperature played a minor role for organic carbon burial efficiency.</ce:para></ce:list-item></ce:list></ce:simple-para></ce:abstract-sec></ce:abstract><ce:abstract id="abs0010" view="all" class="author"><ce:section-title id="sect0010">Abstract</ce:section-title><ce:abstract-sec id="abst0010" view="all"><ce:simple-para id="spar0060" view="all">Carbon sequestration in lakes represents a globally relevant carbon sink. Important controls thereof are functions of lake morphometry and productivity, organic matter origin and quality, and organic and inorganic matter burial in sediments. To understand the relative importance of these controls, we investigated organic and inorganic carbon sequestration and burial efficiency by means of <ce:sup loc="post">210</ce:sup>Pb dating of sediments and determination of <ce:italic>in situ</ce:italic> carbon sedimentation in elongated Cook&#x2019;s Bay of Lake Simcoe, a large Canadian hard water lake. Spectroscopic and elemental analysis of dissolved and particulate organic matter suggest that along the studied transect the influence of the major tributary on the quality of settling organic particles and dissolved organic matter was significant only at the shallow inlet of the bay, which had generally autochthonous character. Also sediment incubations confirmed similar organic matter decomposability throughout the bay. Thus, organic matter quality played a minor role for organic carbon sequestration, which ranged from 2.5 to 46.7<ce:hsp sp="0.25"/>g<ce:hsp sp="0.25"/>m<ce:sup loc="post">&#x2212;2</ce:sup> yr<ce:sup loc="post">&#x2212;1</ce:sup> and was lower than organic carbon sedimentation of 34&#x2013;96<ce:hsp sp="0.25"/>g<ce:hsp sp="0.25"/>m<ce:sup loc="post">&#x2212;2</ce:sup> yr<ce:sup loc="post">&#x2212;1</ce:sup>. The organic carbon burial efficiency of 7.3-89% did not follow a progressing spatial pattern but was lower both at the shallow and deep end of the bay and significantly related to non-carbonate, inorganic sedimentation (R<ce:sup loc="post">2</ce:sup><ce:hsp sp="0.25"/>=<ce:hsp sp="0.25"/>0.97). The study suggests that in this lake system the influence of organic matter quality on C sequestration is limited, as well as temperature. However, sedimentation rate controls the duration of exposure to terminal electron acceptors and hence, C sequestration and organic carbon burial efficiency.</ce:simple-para></ce:abstract-sec></ce:abstract><ce:keywords id="kwd0005" class="keyword" view="all"><ce:section-title id="sect0015">Keywords</ce:section-title><ce:keyword id="kw0005"><ce:text>Carbon sequestration</ce:text></ce:keyword><ce:keyword id="kw0010"><ce:text>Burial efficiency</ce:text></ce:keyword><ce:keyword id="kw0015"><ce:text>Dissolved organic matter</ce:text></ce:keyword><ce:keyword id="kw0020"><ce:text>Fluorescence</ce:text></ce:keyword><ce:keyword id="kw0025"><ce:text>Pore water modelling</ce:text></ce:keyword><ce:keyword id="kw0030"><ce:text>Lake sediments</ce:text></ce:keyword></ce:keywords></ja:head></ja:article></doc:document>
