<?xml version="1.0" encoding="UTF-8"?>
<!--heres a sample of the look-up table:-->

<root>
    <wordlist>
        <entry>
            <search>abaissassent</search>
            <replace>abais&#x00AD;sassent</replace>
        </entry>
        <entry>
            <search>abaisshrent</search>
            <replace>abais&#x00AD;shrent</replace>
        </entry>
        <entry>
            <search>abandonnent</search>
            <replace>aban&#x00AD;donnent</replace>
        </entry>
    </wordlist>
</root>
<!--so if i have a "abaissassent" in a text() node this will be replaced with "aban&#x00AD;donnent".-->

