<doc:document xmlns:doc="http://www.elsevier.com/xml/document/schema" xmlns:dp="http://www.elsevier.com/xml/common/doc-properties/schema" xmlns:cps="http://www.elsevier.com/xml/common/consyn-properties/schema" xmlns:rdf="http://www.w3.org/1999/02/22-rdf-syntax-ns#" xmlns:dct="http://purl.org/dc/terms/" xmlns:prism="http://prismstandard.org/namespaces/basic/2.0/" xmlns:oa="http://vtw.elsevier.com/data/ns/properties/OpenAccess-1/" xmlns:cp="http://vtw.elsevier.com/data/ns/properties/Copyright-1/" xmlns:cja="http://www.elsevier.com/xml/cja/schema" xmlns:ja="http://www.elsevier.com/xml/ja/schema" xmlns:bk="http://www.elsevier.com/xml/bk/schema" xmlns:ce="http://www.elsevier.com/xml/common/schema" xmlns:mml="http://www.w3.org/1998/Math/MathML" xmlns:cals="http://www.elsevier.com/xml/common/cals/schema" xmlns:tb="http://www.elsevier.com/xml/common/table/schema" xmlns:sa="http://www.elsevier.com/xml/common/struct-aff/schema" xmlns:sb="http://www.elsevier.com/xml/common/struct-bib/schema" xmlns:xlink="http://www.w3.org/1999/xlink"><rdf:RDF><rdf:Description rdf:about="http://dx.doi.org/10.1016/j.limno.2017.01.004"><dct:format>application/xml</dct:format><dct:title>Ecological effects from groundwater contaminated by volatile organic compounds on an urban stream&#x2019;s benthic ecosystem</dct:title><dct:creator>J.W. Roy</dct:creator><dct:creator>L. Grapentine</dct:creator><dct:creator>G. Bickerton</dct:creator><dct:subject><rdf:Bag><rdf:li>Toxicity</rdf:li><rdf:li>Macroinvertebrates</rdf:li><rdf:li>Chlorinated solvents</rdf:li><rdf:li>Petroleum hydrocarbons</rdf:li><rdf:li>Groundwater discharge,</rdf:li></rdf:Bag></dct:subject><dct:description>Limnologica 68 (2018) 115-129. doi:10.1016/j.limno.2017.01.004</dct:description><prism:aggregationType>journal</prism:aggregationType><prism:publicationName>Limnologica</prism:publicationName><prism:copyright>Crown Copyright &#169; 2017 Published by Elsevier GmbH. All rights reserved.</prism:copyright><dct:publisher>Elsevier GmbH</dct:publisher><prism:issn>0075-9511</prism:issn><prism:volume>68</prism:volume><prism:coverDisplayDate>January 2018</prism:coverDisplayDate><prism:issueName>Special Issue on Aquatic interfaces and linkages: An emerging topic of interdisciplinary research</prism:issueName><prism:pageRange>115-129</prism:pageRange><prism:startingPage>115</prism:startingPage><prism:endingPage>129</prism:endingPage><prism:doi>10.1016/j.limno.2017.01.004</prism:doi><prism:url>http://dx.doi.org/10.1016/j.limno.2017.01.004</prism:url><dct:identifier>doi:10.1016/j.limno.2017.01.004</dct:identifier></rdf:Description></rdf:RDF><dp:document-properties><dp:aggregation-type>Journals</dp:aggregation-type><dp:version-number>S300.1</dp:version-number></dp:document-properties><ja:article version="5.4" xml:lang="en" docsubtype="fla"><ja:item-info><ja:jid>LIMNO</ja:jid><ja:aid>25561</ja:aid><ce:pii>S0075-9511(16)30071-8</ce:pii><ce:doi>10.1016/j.limno.2017.01.004</ce:doi><ce:copyright type="crown" year="2017"/></ja:item-info><ja:head><ce:title id="tit0005">Ecological effects from groundwater contaminated by volatile organic compounds on an urban stream&#x2019;s benthic ecosystem</ce:title><ce:author-group id="aug0005"><ce:author id="aut0005" author-id="S0075951116300718-bf1545a0cc5a5ef6802998a225603539"><ce:given-name>J.W.</ce:given-name><ce:surname>Roy</ce:surname><ce:cross-ref refid="cor0005"><ce:sup loc="post">&#x204e;</ce:sup></ce:cross-ref><ce:e-address id="eadd0005" type="email">jim.roy@canada.ca</ce:e-address></ce:author><ce:author id="aut0010" author-id="S0075951116300718-4c650ec94f24ce49aadfe318b65846ca"><ce:given-name>L.</ce:given-name><ce:surname>Grapentine</ce:surname></ce:author><ce:author id="aut0015" author-id="S0075951116300718-73c71fc8c11f0c6fbe5174619d4e1f05"><ce:given-name>G.</ce:given-name><ce:surname>Bickerton</ce:surname></ce:author><ce:affiliation id="aff0005"><ce:textfn>Water Science and Technology Directorate, Environment and Climate Change Canada, Burlington, ON, Canada</ce:textfn><sa:affiliation><sa:organization>Water Science and Technology Directorate, Environment and Climate Change Canada</sa:organization><sa:city>Burlington</sa:city><sa:state>ON</sa:state><sa:country>Canada</sa:country></sa:affiliation></ce:affiliation><ce:correspondence id="cor0005"><ce:label>&#x204e;</ce:label><ce:text>Corresponding author.</ce:text></ce:correspondence></ce:author-group><ce:date-received day="28" month="6" year="2016"/><ce:date-revised day="8" month="12" year="2016"/><ce:date-accepted day="20" month="1" year="2017"/><ce:abstract id="abs0005" view="all" class="author"><ce:section-title id="sect0005">Abstract</ce:section-title><ce:abstract-sec id="abst0005" view="all"><ce:simple-para id="spar0060" view="all">While the discharge of groundwater contaminated with volatile organic compounds to surface waters is widely reported, assessments of its ecological threat are rare in the scientific literature, largely being restricted to comparisons of riparian groundwater concentrations to water quality guidelines for protecting aquatic life. Here we investigated potential negative impacts on the benthic community from overlapping petroleum hydrocarbon &#x2013; chlorinated solvent plumes discharging to an urban stream using in-field ecological assessment methods (targeting both meio- and macrobenthos) over multiple scales. Several lines of evidence were suggestive of detrimental impacts from the plumes, including reduced total abundance and richness of benthic taxa, reduced or enhanced abundances of individual benthic taxa, and an altered benthic community structure. However, the findings were not conclusive, as the evaluation was complicated by substantial small-scale (&lt;20<ce:hsp sp="0.25"/>m) spatial variation in concentrations of many other groundwater contaminants, making it difficult to determine reference areas (i.e., those with similar substrate and chemistry, but lacking exposure to plume compounds) and isolate impacts from a single factor. Furthermore, detections of the wastewater indicator acesulfame also demonstrated the issue of uncertain influences from unmeasured contaminants (e.g., pharmaceuticals). Some of the assessment methods showed greater promise than others (e.g., sampling along a gradient rather than having separate impacted and reference sites), which may provide guidance on future field applications. Overall, the study findings suggest a need for further inquiry into the most appropriate application of ecological and ecotoxicological assessment methods to groundwater-based contamination hazards.</ce:simple-para></ce:abstract-sec></ce:abstract><ce:keywords id="kwd0005" class="keyword" view="all"><ce:section-title id="sect0010">Keywords</ce:section-title><ce:keyword id="kw0005"><ce:text>Toxicity</ce:text></ce:keyword><ce:keyword id="kw0010"><ce:text>Macroinvertebrates</ce:text></ce:keyword><ce:keyword id="kw0015"><ce:text>Chlorinated solvents</ce:text></ce:keyword><ce:keyword id="kw0020"><ce:text>Petroleum hydrocarbons</ce:text></ce:keyword><ce:keyword id="kw0025"><ce:text>Groundwater discharge,</ce:text></ce:keyword></ce:keywords></ja:head></ja:article></doc:document>
