<doc:document xmlns:doc="http://www.elsevier.com/xml/document/schema" xmlns:dp="http://www.elsevier.com/xml/common/doc-properties/schema" xmlns:cps="http://www.elsevier.com/xml/common/consyn-properties/schema" xmlns:rdf="http://www.w3.org/1999/02/22-rdf-syntax-ns#" xmlns:dct="http://purl.org/dc/terms/" xmlns:prism="http://prismstandard.org/namespaces/basic/2.0/" xmlns:oa="http://vtw.elsevier.com/data/ns/properties/OpenAccess-1/" xmlns:cp="http://vtw.elsevier.com/data/ns/properties/Copyright-1/" xmlns:cja="http://www.elsevier.com/xml/cja/schema" xmlns:ja="http://www.elsevier.com/xml/ja/schema" xmlns:bk="http://www.elsevier.com/xml/bk/schema" xmlns:ce="http://www.elsevier.com/xml/common/schema" xmlns:mml="http://www.w3.org/1998/Math/MathML" xmlns:cals="http://www.elsevier.com/xml/common/cals/schema" xmlns:tb="http://www.elsevier.com/xml/common/table/schema" xmlns:sa="http://www.elsevier.com/xml/common/struct-aff/schema" xmlns:sb="http://www.elsevier.com/xml/common/struct-bib/schema" xmlns:xlink="http://www.w3.org/1999/xlink"><rdf:RDF><rdf:Description rdf:about="http://dx.doi.org/10.1016/j.limno.2017.11.005"><dct:format>application/xml</dct:format><dct:title>How does the groundwater influence the water balance of a lowland lake? A field study from Lake Stechlin, north-eastern Germany</dct:title><dct:creator>Franziska P&#246;schke</dct:creator><dct:creator>Gunnar N&#252;tzmann</dct:creator><dct:creator>Peter Engesgaard</dct:creator><dct:creator>J&#246;rg Lewandowski</dct:creator><dct:subject><rdf:Bag><rdf:li>Lacustrine groundwater discharge</rdf:li><rdf:li>Water balance</rdf:li><rdf:li>Limnology</rdf:li><rdf:li>Groundwater-surface water interactions</rdf:li><rdf:li>Groundwater</rdf:li></rdf:Bag></dct:subject><dct:description>Limnologica 68 (2018) 17-25. doi:10.1016/j.limno.2017.11.005</dct:description><prism:aggregationType>journal</prism:aggregationType><prism:publicationName>Limnologica</prism:publicationName><prism:copyright>&#169; 2017 Elsevier GmbH. All rights reserved.</prism:copyright><dct:publisher>Elsevier GmbH</dct:publisher><prism:issn>0075-9511</prism:issn><prism:volume>68</prism:volume><prism:coverDisplayDate>January 2018</prism:coverDisplayDate><prism:issueName>Special Issue on Aquatic interfaces and linkages: An emerging topic of interdisciplinary research</prism:issueName><prism:pageRange>17-25</prism:pageRange><prism:startingPage>17</prism:startingPage><prism:endingPage>25</prism:endingPage><prism:doi>10.1016/j.limno.2017.11.005</prism:doi><prism:url>http://dx.doi.org/10.1016/j.limno.2017.11.005</prism:url><dct:identifier>doi:10.1016/j.limno.2017.11.005</dct:identifier></rdf:Description></rdf:RDF><dp:document-properties><dp:aggregation-type>Journals</dp:aggregation-type><dp:version-number>S300.1</dp:version-number></dp:document-properties><ja:article version="5.5" xml:lang="en" docsubtype="fla"><ja:item-info><ja:jid>LIMNO</ja:jid><ja:aid>25619</ja:aid><ce:pii>S0075-9511(17)30168-8</ce:pii><ce:doi>10.1016/j.limno.2017.11.005</ce:doi><ce:copyright type="full-transfer" year="2017">Elsevier GmbH</ce:copyright></ja:item-info><ja:head><ce:title id="tit0005">How does the groundwater influence the water balance of a lowland lake? A field study from Lake Stechlin, north-eastern Germany</ce:title><ce:author-group id="aug0005"><ce:author id="aut0005" author-id="S0075951117301688-d3ff0a00d399ce7c29f6bb21c08dc363"><ce:given-name>Franziska</ce:given-name><ce:surname>P&#246;schke</ce:surname><ce:cross-ref refid="aff0005"><ce:sup loc="post">a</ce:sup></ce:cross-ref><ce:cross-ref refid="aff0010"><ce:sup loc="post">b</ce:sup></ce:cross-ref></ce:author><ce:author id="aut0010" author-id="S0075951117301688-62cec1e44184e16c67e25bb53774063e"><ce:given-name>Gunnar</ce:given-name><ce:surname>N&#252;tzmann</ce:surname><ce:cross-ref refid="aff0005"><ce:sup loc="post">a</ce:sup></ce:cross-ref><ce:cross-ref refid="aff0010"><ce:sup loc="post">b</ce:sup></ce:cross-ref><ce:cross-ref refid="cor0005"><ce:sup loc="post">&#x204e;</ce:sup></ce:cross-ref><ce:e-address id="eadd0005" type="email" xlink:href="mailto:nuetzmann@igb-berlin.de">nuetzmann@igb-berlin.de</ce:e-address></ce:author><ce:author id="aut0015" author-id="S0075951117301688-759ca976855382f54f5c2c30bebc6b15"><ce:given-name>Peter</ce:given-name><ce:surname>Engesgaard</ce:surname><ce:cross-ref refid="aff0015"><ce:sup loc="post">c</ce:sup></ce:cross-ref></ce:author><ce:author id="aut0020" author-id="S0075951117301688-398d2d04698b0a0faee11c0cc635f032"><ce:given-name>J&#246;rg</ce:given-name><ce:surname>Lewandowski</ce:surname><ce:cross-ref refid="aff0005"><ce:sup loc="post">a</ce:sup></ce:cross-ref><ce:cross-ref refid="aff0010"><ce:sup loc="post">b</ce:sup></ce:cross-ref></ce:author><ce:affiliation id="aff0005" affiliation-id="S0075951117301688-b345a27546a65e8ce067063094898936"><ce:label>a</ce:label><ce:textfn>Leibniz Institute of Freshwater Ecology and Inland Fisheries, Department Ecohydrology, Berlin, Germany</ce:textfn><sa:affiliation><sa:organization>Leibniz Institute of Freshwater Ecology and Inland Fisheries</sa:organization><sa:organization>Department Ecohydrology</sa:organization><sa:city>Berlin</sa:city><sa:country>Germany</sa:country></sa:affiliation></ce:affiliation><ce:affiliation id="aff0010" affiliation-id="S0075951117301688-f1aa36e1bc86dc7a1dfcdb41ab3a5681"><ce:label>b</ce:label><ce:textfn>Humboldt-University of Berlin, Geography Department, Berlin, Germany</ce:textfn><sa:affiliation><sa:organization>Humboldt-University of Berlin</sa:organization><sa:organization>Geography Department</sa:organization><sa:city>Berlin</sa:city><sa:country>Germany</sa:country></sa:affiliation></ce:affiliation><ce:affiliation id="aff0015" affiliation-id="S0075951117301688-8c2f6bc53569a60936711121ef0bd39c"><ce:label>c</ce:label><ce:textfn>University of Copenhagen, Department Geosciences and Natural Resources Management, Copenhagen, Denmark</ce:textfn><sa:affiliation><sa:organization>University of Copenhagen</sa:organization><sa:organization>Department Geosciences and Natural Resources Management</sa:organization><sa:city>Copenhagen</sa:city><sa:country>Denmark</sa:country></sa:affiliation></ce:affiliation><ce:correspondence id="cor0005"><ce:label>&#x204e;</ce:label><ce:text>Corresponding author at: Leibniz Institute of Freshwater Ecology and Inland Fisheries, Department Ecohydrology, Berlin, Germany.</ce:text><sa:affiliation><sa:organization>Leibniz Institute of Freshwater Ecology and Inland Fisheries</sa:organization><sa:organization>Department Ecohydrology</sa:organization><sa:city>Berlin</sa:city><sa:country>Germany</sa:country></sa:affiliation></ce:correspondence></ce:author-group><ce:date-received day="3" month="7" year="2017"/><ce:date-revised day="2" month="11" year="2017"/><ce:date-accepted day="23" month="11" year="2017"/><ce:abstract id="abs0005" view="all" class="author"><ce:section-title id="sect0005">Abstract</ce:section-title><ce:abstract-sec id="abst0005" view="all"><ce:simple-para id="spar0055" view="all">The subsurface catchment of Lake Stechlin is quite complex. Water level measurements in groundwater wells with different screen depths show that groundwater in the lake&#x2019;s catchment may partly discharge to the lake and partly leak to deeper aquifers. Simple steady-state 2D vertical modelling of eight different scenarios (different leakage areas, different hydraulic conductivities) was conducted in order to explore the local and regional groundwater flow system around Lake Stechlin and the origin and possible magnitude of lacustrine groundwater discharge. A comparison of the different scenarios with <ce:italic>in situ</ce:italic> measurements of lacustrine groundwater discharge by temperature sticks and seepage meters revealed that only a part of the groundwater recharge in the catchment discharges to the lake while the rest leaks into deeper aquifers. This implies a differentiation of the subsurface catchment into a local and a regional flow system and impacts on travel times and chemical reaction time scales.</ce:simple-para></ce:abstract-sec></ce:abstract><ce:keywords id="kwd0005" class="keyword" view="all"><ce:section-title id="sect0010">Keywords</ce:section-title><ce:keyword id="kw0005"><ce:text>Lacustrine groundwater discharge</ce:text></ce:keyword><ce:keyword id="kw0010"><ce:text>Water balance</ce:text></ce:keyword><ce:keyword id="kw0015"><ce:text>Limnology</ce:text></ce:keyword><ce:keyword id="kw0020"><ce:text>Groundwater-surface water interactions</ce:text></ce:keyword><ce:keyword id="kw0025"><ce:text>Groundwater</ce:text></ce:keyword></ce:keywords></ja:head></ja:article></doc:document>
