<doc:document xmlns:doc="http://www.elsevier.com/xml/document/schema" xmlns:dp="http://www.elsevier.com/xml/common/doc-properties/schema" xmlns:cps="http://www.elsevier.com/xml/common/consyn-properties/schema" xmlns:rdf="http://www.w3.org/1999/02/22-rdf-syntax-ns#" xmlns:dct="http://purl.org/dc/terms/" xmlns:prism="http://prismstandard.org/namespaces/basic/2.0/" xmlns:oa="http://vtw.elsevier.com/data/ns/properties/OpenAccess-1/" xmlns:cp="http://vtw.elsevier.com/data/ns/properties/Copyright-1/" xmlns:cja="http://www.elsevier.com/xml/cja/schema" xmlns:ja="http://www.elsevier.com/xml/ja/schema" xmlns:bk="http://www.elsevier.com/xml/bk/schema" xmlns:ce="http://www.elsevier.com/xml/common/schema" xmlns:mml="http://www.w3.org/1998/Math/MathML" xmlns:cals="http://www.elsevier.com/xml/common/cals/schema" xmlns:tb="http://www.elsevier.com/xml/common/table/schema" xmlns:sa="http://www.elsevier.com/xml/common/struct-aff/schema" xmlns:sb="http://www.elsevier.com/xml/common/struct-bib/schema" xmlns:xlink="http://www.w3.org/1999/xlink"><rdf:RDF><rdf:Description rdf:about="http://dx.doi.org/10.1016/S0075-9511(17)30324-9"><dct:format>application/xml</dct:format><dct:title>Editorial Board</dct:title><dct:description>Limnologica 68 (2018) ii-ii. doi:10.1016/S0075-9511(17)30324-9</dct:description><prism:aggregationType>journal</prism:aggregationType><prism:publicationName>Limnologica</prism:publicationName><prism:copyright>Copyright &#169; 2017</prism:copyright><dct:publisher>Elsevier GmbH</dct:publisher><prism:issn>0075-9511</prism:issn><prism:volume>68</prism:volume><prism:coverDisplayDate>January 2018</prism:coverDisplayDate><prism:issueName>Special Issue on Aquatic interfaces and linkages: An emerging topic of interdisciplinary research</prism:issueName><prism:pageRange>ii-ii</prism:pageRange><prism:startingPage>ii</prism:startingPage><prism:endingPage>ii</prism:endingPage><prism:doi>10.1016/S0075-9511(17)30324-9</prism:doi><prism:url>http://dx.doi.org/10.1016/S0075-9511(17)30324-9</prism:url><dct:identifier>doi:10.1016/S0075-9511(17)30324-9</dct:identifier></rdf:Description></rdf:RDF><dp:document-properties><dp:aggregation-type>Journals</dp:aggregation-type><dp:version-number>S300.1</dp:version-number></dp:document-properties><ja:simple-article docsubtype="edb" xml:lang="en" version="5.2"><ja:item-info><ja:jid>LIMNO</ja:jid><ja:aid>80000611</ja:aid><ce:pii>S0075-9511(17)30324-9</ce:pii><ce:doi>10.1016/S0075-9511(17)30324-9</ce:doi><ce:copyright type="free-of-copyright" year="2017"/></ja:item-info><ja:simple-head><ce:title id="tit0005">Editorial Board</ce:title></ja:simple-head></ja:simple-article></doc:document>
