<doc:document xmlns:doc="http://www.elsevier.com/xml/document/schema" xmlns:dp="http://www.elsevier.com/xml/common/doc-properties/schema" xmlns:cps="http://www.elsevier.com/xml/common/consyn-properties/schema" xmlns:rdf="http://www.w3.org/1999/02/22-rdf-syntax-ns#" xmlns:dct="http://purl.org/dc/terms/" xmlns:prism="http://prismstandard.org/namespaces/basic/2.0/" xmlns:oa="http://vtw.elsevier.com/data/ns/properties/OpenAccess-1/" xmlns:cp="http://vtw.elsevier.com/data/ns/properties/Copyright-1/" xmlns:cja="http://www.elsevier.com/xml/cja/schema" xmlns:ja="http://www.elsevier.com/xml/ja/schema" xmlns:bk="http://www.elsevier.com/xml/bk/schema" xmlns:ce="http://www.elsevier.com/xml/common/schema" xmlns:mml="http://www.w3.org/1998/Math/MathML" xmlns:cals="http://www.elsevier.com/xml/common/cals/schema" xmlns:tb="http://www.elsevier.com/xml/common/table/schema" xmlns:sa="http://www.elsevier.com/xml/common/struct-aff/schema" xmlns:sb="http://www.elsevier.com/xml/common/struct-bib/schema" xmlns:xlink="http://www.w3.org/1999/xlink"><rdf:RDF><rdf:Description rdf:about="http://dx.doi.org/10.1016/j.limno.2017.03.002"><dct:format>application/xml</dct:format><dct:title>Changes in submerged macrophyte colonization in shallow areas of an oligo-mesotrophic lake and the potential role of groundwater</dct:title><dct:creator>C&#233;cile P&#233;rillon</dct:creator><dct:creator>Klaus van de Weyer</dct:creator><dct:creator>Jens P&#228;zolt</dct:creator><dct:creator>Peter Kasprzak</dct:creator><dct:creator>Sabine Hilt</dct:creator><dct:subject><rdf:Bag><rdf:li>Seepage</rdf:li><rdf:li>Eutrophication</rdf:li><rdf:li>Charophytes</rdf:li><rdf:li>Periphyton</rdf:li><rdf:li>Nutrients</rdf:li><rdf:li>Littoral</rdf:li></rdf:Bag></dct:subject><dct:description>Limnologica 68 (2018) 168-176. doi:10.1016/j.limno.2017.03.002</dct:description><prism:aggregationType>journal</prism:aggregationType><prism:publicationName>Limnologica</prism:publicationName><prism:copyright>&#169; 2017 Elsevier GmbH. All rights reserved.</prism:copyright><dct:publisher>Elsevier GmbH</dct:publisher><prism:issn>0075-9511</prism:issn><prism:volume>68</prism:volume><prism:coverDisplayDate>January 2018</prism:coverDisplayDate><prism:issueName>Special Issue on Aquatic interfaces and linkages: An emerging topic of interdisciplinary research</prism:issueName><prism:pageRange>168-176</prism:pageRange><prism:startingPage>168</prism:startingPage><prism:endingPage>176</prism:endingPage><prism:doi>10.1016/j.limno.2017.03.002</prism:doi><prism:url>http://dx.doi.org/10.1016/j.limno.2017.03.002</prism:url><dct:identifier>doi:10.1016/j.limno.2017.03.002</dct:identifier></rdf:Description></rdf:RDF><dp:document-properties><dp:aggregation-type>Journals</dp:aggregation-type><dp:version-number>S300.1</dp:version-number></dp:document-properties><ja:article version="5.4" xml:lang="en" docsubtype="fla"><ja:item-info><ja:jid>LIMNO</ja:jid><ja:aid>25576</ja:aid><ce:pii>S0075-9511(16)30042-1</ce:pii><ce:doi>10.1016/j.limno.2017.03.002</ce:doi><ce:copyright type="full-transfer" year="2017">Elsevier GmbH</ce:copyright></ja:item-info><ja:head><ce:title id="tit0005">Changes in submerged macrophyte colonization in shallow areas of an oligo-mesotrophic lake and the potential role of groundwater</ce:title><ce:author-group id="aug0005"><ce:author id="aut0005" author-id="S0075951116300421-bcd7f651bdd2c27f4ea8cf2cf5d36d74"><ce:given-name>C&#233;cile</ce:given-name><ce:surname>P&#233;rillon</ce:surname><ce:cross-ref refid="aff0005"><ce:sup loc="post">a</ce:sup></ce:cross-ref><ce:cross-ref refid="aff0010"><ce:sup loc="post">b</ce:sup></ce:cross-ref><ce:cross-ref refid="cor0005"><ce:sup loc="post">&#x204e;</ce:sup></ce:cross-ref><ce:e-address id="eadd0005" type="email">perillon@igb-berlin.de</ce:e-address></ce:author><ce:author id="aut0010" author-id="S0075951116300421-6fcda248c4039279d35f9f70225c4f70"><ce:given-name>Klaus</ce:given-name><ce:surname>van de Weyer</ce:surname><ce:cross-ref refid="aff0015"><ce:sup loc="post">c</ce:sup></ce:cross-ref></ce:author><ce:author id="aut0015" author-id="S0075951116300421-e0f78f59c2e68ad5cae22d2f557b4310"><ce:given-name>Jens</ce:given-name><ce:surname>P&#228;zolt</ce:surname><ce:cross-ref refid="aff0020"><ce:sup loc="post">d</ce:sup></ce:cross-ref></ce:author><ce:author id="aut0020" author-id="S0075951116300421-c55a69b053b5e84b04af381c1e73918d"><ce:given-name>Peter</ce:given-name><ce:surname>Kasprzak</ce:surname><ce:cross-ref refid="aff0025"><ce:sup loc="post">e</ce:sup></ce:cross-ref></ce:author><ce:author id="aut0025" author-id="S0075951116300421-c68ee6b3892ed0e7a4ea5980c18b16d0"><ce:given-name>Sabine</ce:given-name><ce:surname>Hilt</ce:surname><ce:cross-ref refid="aff0005"><ce:sup loc="post">a</ce:sup></ce:cross-ref></ce:author><ce:affiliation id="aff0005"><ce:label>a</ce:label><ce:textfn>Leibniz-Institute of Freshwater Ecology and Inland Fisheries, Department of Ecosystem Research, Berlin, Germany</ce:textfn><sa:affiliation><sa:organization>Leibniz-Institute of Freshwater Ecology and Inland Fisheries</sa:organization><sa:organization>Department of Ecosystem Research</sa:organization><sa:city>Berlin</sa:city><sa:country>Germany</sa:country></sa:affiliation></ce:affiliation><ce:affiliation id="aff0010"><ce:label>b</ce:label><ce:textfn>Institute of Biochemistry and Biology, University of Potsdam, Germany</ce:textfn><sa:affiliation><sa:organization>Institute of Biochemistry and Biology</sa:organization><sa:organization>University of Potsdam</sa:organization><sa:country>Germany</sa:country></sa:affiliation></ce:affiliation><ce:affiliation id="aff0015"><ce:label>c</ce:label><ce:textfn>Lanaplan, Nettetal, Germany</ce:textfn><sa:affiliation><sa:organization>Lanaplan</sa:organization><sa:address-line>Nettetal</sa:address-line><sa:country>Germany</sa:country></sa:affiliation></ce:affiliation><ce:affiliation id="aff0020"><ce:label>d</ce:label><ce:textfn>Landesumweltamt Brandenburg, Gro&#223; Glienicke, Germany</ce:textfn><sa:affiliation><sa:organization>Landesumweltamt Brandenburg</sa:organization><sa:city>Gro&#223; Glienicke</sa:city><sa:country>Germany</sa:country></sa:affiliation></ce:affiliation><ce:affiliation id="aff0025"><ce:label>e</ce:label><ce:textfn>Leibniz-Institute of Freshwater Ecology and Inland Fisheries, Department of Experimental Limnology, Stechlin, Germany</ce:textfn><sa:affiliation><sa:organization>Leibniz-Institute of Freshwater Ecology and Inland Fisheries</sa:organization><sa:organization>Department of Experimental Limnology</sa:organization><sa:address-line>Stechlin</sa:address-line><sa:country>Germany</sa:country></sa:affiliation></ce:affiliation><ce:correspondence id="cor0005"><ce:label>&#x204e;</ce:label><ce:text>Corresponding author at: Leibniz-Institute of Freshwater Ecology and Inland Fisheries, Department of Ecosystem Research, Berlin, Germany.</ce:text></ce:correspondence></ce:author-group><ce:date-received day="15" month="6" year="2016"/><ce:date-revised day="7" month="3" year="2017"/><ce:date-accepted day="21" month="3" year="2017"/><ce:abstract id="abs0005" class="author-highlights" view="all"><ce:section-title id="sect0005">Highlights</ce:section-title><ce:abstract-sec id="abst0005" view="all"><ce:simple-para id="spar0040" view="all"><ce:list id="lis0005"><ce:list-item id="lsti0005"><ce:label>&#x2022;</ce:label><ce:para id="par0005" view="all">Shallow littoral macrophyte communities changed strongly in a mesotrophic lake.</ce:para></ce:list-item><ce:list-item id="lsti0010"><ce:label>&#x2022;</ce:label><ce:para id="par0010" view="all">Charophytes were replaced by angiosperms and vegetation-free areas.</ce:para></ce:list-item><ce:list-item id="lsti0015"><ce:label>&#x2022;</ce:label><ce:para id="par0015" view="all">Changes in water column nutrients and transparency do not explain macrophyte changes.</ce:para></ce:list-item><ce:list-item id="lsti0020"><ce:label>&#x2022;</ce:label><ce:para id="par0020" view="all">Groundwater-mobilized nutrients promote periphyton.</ce:para></ce:list-item><ce:list-item id="lsti0025"><ce:label>&#x2022;</ce:label><ce:para id="par0025" view="all">Periphyton can impair macrophytes by shading, higher sensitivity to waves and benthivorous fish.</ce:para></ce:list-item></ce:list></ce:simple-para></ce:abstract-sec></ce:abstract><ce:abstract id="abs0010" view="all" class="author"><ce:section-title id="sect0010">Abstract</ce:section-title><ce:abstract-sec id="abst0010" view="all"><ce:simple-para id="spar0045" view="all">Groundwater influx can significantly contribute to nutrient budgets of lakes and its influence is strongest in shallow littoral areas. In oligo- or mesotrophic systems, additional nutrient supply by groundwater influx may affect benthic primary producers and their interactions. Potential changes can be expected in community composition, biomass, stoichiometry and interactions between submerged macrophytes and epiphyton.</ce:simple-para><ce:simple-para id="spar0050" view="all">This study aimed at investigating whether enhanced epiphyton growth at sites with groundwater discharge may have contributed to a significant change in shallow littoral macrophyte abundance reported from oligo-mesotrophic Lake Stechlin during the last 50 years. In the 1960s, shallow littoral areas were dominated by small charophyte species such as <ce:italic>Chara aspera, C. filiformis</ce:italic> and <ce:italic>C. rudis</ce:italic>. Recent mappings indicated a strong decline of this shallow water charophyte community from 42<ce:hsp sp="0.25"/>ha to 3<ce:hsp sp="0.25"/>ha and a shift to the occurrence of macrophyte species typical of eutrophic lakes such as <ce:italic>Potamogeton perfoliatus, P. pectinatus</ce:italic> and <ce:italic>Myriophyllum spicatum.</ce:italic> We analyzed the nutrient content of macrophytes, and measured epiphyton growth at sites with different groundwater influence. Water column nutrient enrichment may have increased the abundance of eutrophic species, but this did not explain the decrease of charophytes. Our data suggest that enhanced epiphyton growth in shallow littoral areas with groundwater influx could impair the development of small charophytes by shading, increasing drag forces and the charophytes&#x2019; sensitivity to herbivory.</ce:simple-para></ce:abstract-sec></ce:abstract><ce:keywords id="kwd0005" class="keyword" view="all"><ce:section-title id="sect0015">Keywords</ce:section-title><ce:keyword id="kw0005"><ce:text>Seepage</ce:text></ce:keyword><ce:keyword id="kw0010"><ce:text>Eutrophication</ce:text></ce:keyword><ce:keyword id="kw0015"><ce:text>Charophytes</ce:text></ce:keyword><ce:keyword id="kw0020"><ce:text>Periphyton</ce:text></ce:keyword><ce:keyword id="kw0025"><ce:text>Nutrients</ce:text></ce:keyword><ce:keyword id="kw0030"><ce:text>Littoral</ce:text></ce:keyword></ce:keywords></ja:head></ja:article></doc:document>
