<doc:document xmlns:doc="http://www.elsevier.com/xml/document/schema" xmlns:dp="http://www.elsevier.com/xml/common/doc-properties/schema" xmlns:cps="http://www.elsevier.com/xml/common/consyn-properties/schema" xmlns:rdf="http://www.w3.org/1999/02/22-rdf-syntax-ns#" xmlns:dct="http://purl.org/dc/terms/" xmlns:prism="http://prismstandard.org/namespaces/basic/2.0/" xmlns:oa="http://vtw.elsevier.com/data/ns/properties/OpenAccess-1/" xmlns:cp="http://vtw.elsevier.com/data/ns/properties/Copyright-1/" xmlns:cja="http://www.elsevier.com/xml/cja/schema" xmlns:ja="http://www.elsevier.com/xml/ja/schema" xmlns:bk="http://www.elsevier.com/xml/bk/schema" xmlns:ce="http://www.elsevier.com/xml/common/schema" xmlns:mml="http://www.w3.org/1998/Math/MathML" xmlns:cals="http://www.elsevier.com/xml/common/cals/schema" xmlns:tb="http://www.elsevier.com/xml/common/table/schema" xmlns:sa="http://www.elsevier.com/xml/common/struct-aff/schema" xmlns:sb="http://www.elsevier.com/xml/common/struct-bib/schema" xmlns:xlink="http://www.w3.org/1999/xlink"><rdf:RDF><rdf:Description rdf:about="http://dx.doi.org/10.1016/j.limno.2017.02.007"><dct:format>application/xml</dct:format><dct:title>Hydrological connectivity drives dissolved organic matter processing in an intermittent stream</dct:title><dct:creator>Astrid Harjung</dct:creator><dct:creator>Francesc Sabater</dct:creator><dct:creator>Andrea Butturini</dct:creator><dct:subject><rdf:Bag><rdf:li>DOM processing</rdf:li><rdf:li>DOM optical properties</rdf:li><rdf:li>Intermittent streams</rdf:li><rdf:li>Hyporheic zone</rdf:li><rdf:li>Drought</rdf:li></rdf:Bag></dct:subject><dct:description>Limnologica 68 (2018) 71-81. doi:10.1016/j.limno.2017.02.007</dct:description><prism:aggregationType>journal</prism:aggregationType><prism:publicationName>Limnologica</prism:publicationName><prism:copyright>&#169; 2017 The Authors. Published by Elsevier GmbH.</prism:copyright><dct:publisher>Elsevier GmbH</dct:publisher><prism:issn>0075-9511</prism:issn><prism:volume>68</prism:volume><prism:coverDisplayDate>January 2018</prism:coverDisplayDate><prism:issueName>Special Issue on Aquatic interfaces and linkages: An emerging topic of interdisciplinary research</prism:issueName><prism:pageRange>71-81</prism:pageRange><prism:startingPage>71</prism:startingPage><prism:endingPage>81</prism:endingPage><prism:doi>10.1016/j.limno.2017.02.007</prism:doi><prism:url>http://dx.doi.org/10.1016/j.limno.2017.02.007</prism:url><dct:identifier>doi:10.1016/j.limno.2017.02.007</dct:identifier><oa:openAccessInformation><oa:openAccessStatus xmlns:bam="http://vtw.elsevier.com/data/voc/ns/bam-vtw-1/" xmlns:xsi="http://www.w3.org/2001/XMLSchema-instance">http://vtw.elsevier.com/data/voc/oa/OpenAccessStatus#Full</oa:openAccessStatus><oa:openAccessEffective xmlns:bam="http://vtw.elsevier.com/data/voc/ns/bam-vtw-1/" xmlns:xsi="http://www.w3.org/2001/XMLSchema-instance">2017-03-16T14:41:54Z</oa:openAccessEffective><oa:sponsor xmlns:bam="http://vtw.elsevier.com/data/voc/ns/bam-vtw-1/" xmlns:xsi="http://www.w3.org/2001/XMLSchema-instance"><oa:sponsorType>http://vtw.elsevier.com/data/voc/oa/SponsorType#Author</oa:sponsorType></oa:sponsor><oa:userLicense xmlns:bam="http://vtw.elsevier.com/data/voc/ns/bam-vtw-1/" xmlns:xsi="http://www.w3.org/2001/XMLSchema-instance">http://creativecommons.org/licenses/by-nc-nd/4.0/</oa:userLicense></oa:openAccessInformation><cp:licenseLine xmlns:bam="http://vtw.elsevier.com/data/voc/ns/bam-vtw-1/" xmlns:xsi="http://www.w3.org/2001/XMLSchema-instance">This is an open access article under the CC BY-NC-ND license.</cp:licenseLine></rdf:Description></rdf:RDF><dp:document-properties><dp:aggregation-type>Journals</dp:aggregation-type><dp:version-number>S300.1</dp:version-number></dp:document-properties><ja:article version="5.4" xml:lang="en" docsubtype="fla"><ja:item-info><ja:jid>LIMNO</ja:jid><ja:aid>25575</ja:aid><ce:pii>S0075-9511(16)30072-X</ce:pii><ce:doi>10.1016/j.limno.2017.02.007</ce:doi><ce:copyright type="other" year="2017">The Authors</ce:copyright></ja:item-info><ja:head><ce:title id="tit0005">Hydrological connectivity drives dissolved organic matter processing in an intermittent stream</ce:title><ce:author-group id="aug0005"><ce:author id="aut0005" author-id="S007595111630072X-f4970a7a0cefaafe858b2e8d93d17c10"><ce:given-name>Astrid</ce:given-name><ce:surname>Harjung</ce:surname><ce:cross-ref refid="aff0005"><ce:sup loc="post">a</ce:sup></ce:cross-ref><ce:cross-ref refid="cor0005"><ce:sup loc="post">&#x204e;</ce:sup></ce:cross-ref><ce:e-address id="eadd0005" type="email">astridharjung@msn.com</ce:e-address></ce:author><ce:author id="aut0010" author-id="S007595111630072X-5945fe129d38c2685dd638859667de83"><ce:given-name>Francesc</ce:given-name><ce:surname>Sabater</ce:surname><ce:cross-ref refid="aff0005"><ce:sup loc="post">a</ce:sup></ce:cross-ref><ce:cross-ref refid="aff0010"><ce:sup loc="post">b</ce:sup></ce:cross-ref></ce:author><ce:author id="aut0015" author-id="S007595111630072X-aeddc898a1e2ba87090a497245438910"><ce:given-name>Andrea</ce:given-name><ce:surname>Butturini</ce:surname><ce:cross-ref refid="aff0005"><ce:sup loc="post">a</ce:sup></ce:cross-ref></ce:author><ce:affiliation id="aff0005"><ce:label>a</ce:label><ce:textfn>Department d&#x2019;Ecologia, Universitat de Barcelona, Av. Diagonal 643, 08028 Barcelona, Spain</ce:textfn><sa:affiliation><sa:organization>Department d&#x2019;Ecologia, Universitat de Barcelona</sa:organization><sa:address-line>Av. Diagonal 643</sa:address-line><sa:city>Barcelona</sa:city><sa:postal-code>08028</sa:postal-code><sa:country>Spain</sa:country></sa:affiliation></ce:affiliation><ce:affiliation id="aff0010"><ce:label>b</ce:label><ce:textfn>CREAF, Cerdanyola del Valles 08193, Spain</ce:textfn><sa:affiliation><sa:organization>CREAF</sa:organization><sa:address-line>Cerdanyola del Valles</sa:address-line><sa:postal-code>08193</sa:postal-code><sa:country>Spain</sa:country></sa:affiliation></ce:affiliation><ce:correspondence id="cor0005"><ce:label>&#x204e;</ce:label><ce:text>Corresponding author.</ce:text></ce:correspondence></ce:author-group><ce:date-received day="29" month="6" year="2016"/><ce:date-revised day="16" month="2" year="2017"/><ce:date-accepted day="21" month="2" year="2017"/><ce:abstract id="abs0005" class="graphical" view="all"><ce:abstract-sec id="abst0005" view="all"><ce:section-title id="sect0005">Graphical abstract</ce:section-title><ce:simple-para id="spar0005" view="all"> [Display omitted] </ce:simple-para></ce:abstract-sec></ce:abstract><ce:abstract id="abs0010" class="author-highlights" view="all"><ce:abstract-sec id="abst0010" view="all"><ce:section-title id="sect0010">Highlights</ce:section-title><ce:simple-para id="spar0010" view="all"><ce:list id="list0005"><ce:list-item id="listitem0005"><ce:label>&#x2022;</ce:label><ce:para id="p0005" view="all">Drying enhances dissolved organic matter (DOM) processing in the hyporheic zone (HZ).</ce:para></ce:list-item><ce:list-item id="listitem0010"><ce:label>&#x2022;</ce:label><ce:para id="p0010" view="all">The HZ experiences a shift from a net source to a net sink of DOM.</ce:para></ce:list-item><ce:list-item id="listitem0015"><ce:label>&#x2022;</ce:label><ce:para id="p0015" view="all">During contraction the HZ is a source of protein-like, autochthonous DOM.</ce:para></ce:list-item><ce:list-item id="listitem0020"><ce:label>&#x2022;</ce:label><ce:para id="p0020" view="all">Once surface flow equals zero, the HZ is a sink for DOM, especially aromatic DOM.</ce:para></ce:list-item></ce:list></ce:simple-para></ce:abstract-sec></ce:abstract><ce:abstract id="abs0015" view="all" class="author"><ce:section-title id="sect0015">Abstract</ce:section-title><ce:abstract-sec id="abst0015" view="all"><ce:simple-para id="spar0015" view="all">Hydrological conditions are key drivers of dissolved organic matter (DOM) processing in intermittent streams. However, there still exist major gaps in knowledge regarding the temporal dynamics of DOM processing during drought periods, as well as the role of the hyporheic zone (HZ). We conducted weekly sampling of surface water and hyporheic pore water during a drying/rewetting cycle and characterized DOM by fluorescence and absorbance properties. Overall, the contribution of allochthonous and humic-like DOM increased during base flow in early summer (pre-drought) and continued increasing throughout the drought period, which covered three phases: contraction, fragmentation and dry. The contribution of autochthonous DOM during this period was restricted to very specific points in time (the transition from contraction to fragmentation phase) and space (the HZ). Hydrological connectivity between the HZ and the surface water was a driver of DOM composition by supplying terrestrial, aromatic DOM to the HZ. The disconnection of the stream from the riparian groundwater enabled us to quantify the DOM retention/release in the HZ. DOM mass balance at the stream-hyporheic interface revealed the occurrence of two time periods with disproportionately high rates for DOM processing (hot moments) during the study period: (1) a short pulse of protein-like, autochthonous DOM net release at the beginning of the disconnection; and (2) a longer time period of increasing net dissolved organic carbon (DOC) retention up to 30% along 25<ce:hsp sp="0.25"/>m of HZ length during fragmentation and dry phase. Remarkably, the net carbon retention was coupled to a decrease of aromatic and high molecular weight compounds, while protein-like, autochthonous DOM was released. This result evidenced that under drought conditions, the HZ becomes a sink for DOM compounds previously assumed to be recalcitrant in aquatic ecosystems and therefore highlights the importance of hydrological drivers on DOM processing.</ce:simple-para></ce:abstract-sec></ce:abstract><ce:keywords id="kwd0005" class="keyword" xml:lang="en" view="all"><ce:section-title id="sect0020">Keywords</ce:section-title><ce:keyword id="kw0005"><ce:text>DOM processing</ce:text></ce:keyword><ce:keyword id="kw0010"><ce:text>DOM optical properties</ce:text></ce:keyword><ce:keyword id="kw0015"><ce:text>Intermittent streams</ce:text></ce:keyword><ce:keyword id="kw0020"><ce:text>Hyporheic zone</ce:text></ce:keyword><ce:keyword id="kw0025"><ce:text>Drought</ce:text></ce:keyword></ce:keywords></ja:head></ja:article></doc:document>
