<doc:document xmlns:doc="http://www.elsevier.com/xml/document/schema" xmlns:dp="http://www.elsevier.com/xml/common/doc-properties/schema" xmlns:cps="http://www.elsevier.com/xml/common/consyn-properties/schema" xmlns:rdf="http://www.w3.org/1999/02/22-rdf-syntax-ns#" xmlns:dct="http://purl.org/dc/terms/" xmlns:prism="http://prismstandard.org/namespaces/basic/2.0/" xmlns:oa="http://vtw.elsevier.com/data/ns/properties/OpenAccess-1/" xmlns:cp="http://vtw.elsevier.com/data/ns/properties/Copyright-1/" xmlns:cja="http://www.elsevier.com/xml/cja/schema" xmlns:ja="http://www.elsevier.com/xml/ja/schema" xmlns:bk="http://www.elsevier.com/xml/bk/schema" xmlns:ce="http://www.elsevier.com/xml/common/schema" xmlns:mml="http://www.w3.org/1998/Math/MathML" xmlns:cals="http://www.elsevier.com/xml/common/cals/schema" xmlns:tb="http://www.elsevier.com/xml/common/table/schema" xmlns:sa="http://www.elsevier.com/xml/common/struct-aff/schema" xmlns:sb="http://www.elsevier.com/xml/common/struct-bib/schema" xmlns:xlink="http://www.w3.org/1999/xlink"><rdf:RDF><rdf:Description rdf:about="http://dx.doi.org/10.1016/j.limno.2017.06.005"><dct:format>application/xml</dct:format><dct:title>High-resolution simulation of free-surface flow and tracer retention over streambeds with ripples</dct:title><dct:creator>Tabea Broecker</dct:creator><dct:creator>Waldemar Elsesser</dct:creator><dct:creator>Katharina Teuber</dct:creator><dct:creator>Ilhan &#214;zgen</dct:creator><dct:creator>Gunnar N&#252;tzmann</dct:creator><dct:creator>Reinhard Hinkelmann</dct:creator><dct:subject><rdf:Bag><rdf:li>Numerical modeling</rdf:li><rdf:li>Ripples</rdf:li><rdf:li>Hyporheic exchange</rdf:li><rdf:li>Tracer retention</rdf:li><rdf:li>Tracer transport</rdf:li><rdf:li>Turbulence</rdf:li></rdf:Bag></dct:subject><dct:description>Limnologica 68 (2018) 46-58. doi:10.1016/j.limno.2017.06.005</dct:description><prism:aggregationType>journal</prism:aggregationType><prism:publicationName>Limnologica</prism:publicationName><prism:copyright>&#169; 2017 Elsevier GmbH. All rights reserved.</prism:copyright><dct:publisher>Elsevier GmbH</dct:publisher><prism:issn>0075-9511</prism:issn><prism:volume>68</prism:volume><prism:coverDisplayDate>January 2018</prism:coverDisplayDate><prism:issueName>Special Issue on Aquatic interfaces and linkages: An emerging topic of interdisciplinary research</prism:issueName><prism:pageRange>46-58</prism:pageRange><prism:startingPage>46</prism:startingPage><prism:endingPage>58</prism:endingPage><prism:doi>10.1016/j.limno.2017.06.005</prism:doi><prism:url>http://dx.doi.org/10.1016/j.limno.2017.06.005</prism:url><dct:identifier>doi:10.1016/j.limno.2017.06.005</dct:identifier></rdf:Description></rdf:RDF><dp:document-properties><dp:aggregation-type>Journals</dp:aggregation-type><dp:version-number>S300.1</dp:version-number></dp:document-properties><ja:article version="5.5" xml:lang="en" docsubtype="fla"><ja:item-info><ja:jid>LIMNO</ja:jid><ja:aid>25604</ja:aid><ce:pii>S0075-9511(17)30227-X</ce:pii><ce:doi>10.1016/j.limno.2017.06.005</ce:doi><ce:copyright type="full-transfer" year="2017">Elsevier GmbH</ce:copyright></ja:item-info><ja:head><ce:title id="tit0005">High-resolution simulation of free-surface flow and tracer retention over streambeds with ripples</ce:title><ce:author-group id="aug0005"><ce:author id="aut0005" orcid="0000-0001-7863-1062" author-id="S007595111730227X-f77d83d8068f84169c65215f5bed17e3"><ce:given-name>Tabea</ce:given-name><ce:surname>Broecker</ce:surname><ce:cross-ref refid="aff0005"><ce:sup loc="post">a</ce:sup></ce:cross-ref><ce:cross-ref refid="cor0005"><ce:sup loc="post">&#x204e;</ce:sup></ce:cross-ref><ce:e-address id="eadd0005" type="email" xlink:href="mailto:tabea.broecker@uwi.tu-berlin.de">tabea.broecker@uwi.tu-berlin.de</ce:e-address></ce:author><ce:author id="aut0010" author-id="S007595111730227X-751760ccaf02df5c625fc0b83313c4d8"><ce:given-name>Waldemar</ce:given-name><ce:surname>Elsesser</ce:surname><ce:cross-ref refid="aff0005"><ce:sup loc="post">a</ce:sup></ce:cross-ref></ce:author><ce:author id="aut0015" author-id="S007595111730227X-9c3f86bdc8ec2fbd6140feb63e947126"><ce:given-name>Katharina</ce:given-name><ce:surname>Teuber</ce:surname><ce:cross-ref refid="aff0005"><ce:sup loc="post">a</ce:sup></ce:cross-ref></ce:author><ce:author id="aut0020" author-id="S007595111730227X-a9a00c7f6fa672fc07a8eac17d220467"><ce:given-name>Ilhan</ce:given-name><ce:surname>&#214;zgen</ce:surname><ce:cross-ref refid="aff0005"><ce:sup loc="post">a</ce:sup></ce:cross-ref></ce:author><ce:author id="aut0025" author-id="S007595111730227X-62cec1e44184e16c67e25bb53774063e"><ce:given-name>Gunnar</ce:given-name><ce:surname>N&#252;tzmann</ce:surname><ce:cross-ref refid="aff0010"><ce:sup loc="post">b</ce:sup></ce:cross-ref><ce:cross-ref refid="aff0015"><ce:sup loc="post">c</ce:sup></ce:cross-ref></ce:author><ce:author id="aut0030" author-id="S007595111730227X-8e1f8539b6287e9885bc925fb04a0bc5"><ce:given-name>Reinhard</ce:given-name><ce:surname>Hinkelmann</ce:surname><ce:cross-ref refid="aff0005"><ce:sup loc="post">a</ce:sup></ce:cross-ref></ce:author><ce:affiliation id="aff0005" affiliation-id="S007595111730227X-e2b063d916e1604efe2dc475dbab76e2"><ce:label>a</ce:label><ce:textfn>Chair of Water Resources Management and Modeling of Hydrosystems, Technische Universit&#228;t Berlin, Germany</ce:textfn><sa:affiliation><sa:organization>Chair of Water Resources Management and Modeling of Hydrosystems, Technische Universit&#228;t Berlin</sa:organization><sa:country>Germany</sa:country></sa:affiliation></ce:affiliation><ce:affiliation id="aff0010" affiliation-id="S007595111730227X-1277911e54eccec0f05c38d4aaee98f6"><ce:label>b</ce:label><ce:textfn>Department of Ecohydrology Leibniz-Institute of Freshwater Ecology and Inland Fisheries, Germany</ce:textfn><sa:affiliation><sa:organization>Department of Ecohydrology Leibniz-Institute of Freshwater Ecology and Inland Fisheries</sa:organization><sa:country>Germany</sa:country></sa:affiliation></ce:affiliation><ce:affiliation id="aff0015" affiliation-id="S007595111730227X-7f78fdc6686365cfcde615d24cb12578"><ce:label>c</ce:label><ce:textfn>Department of Geography, Humboldt-University Berlin, Germany</ce:textfn><sa:affiliation><sa:organization>Department of Geography, Humboldt-University Berlin</sa:organization><sa:country>Germany</sa:country></sa:affiliation></ce:affiliation><ce:correspondence id="cor0005"><ce:label>&#x204e;</ce:label><ce:text>Corresponding author.</ce:text></ce:correspondence></ce:author-group><ce:date-received day="30" month="5" year="2016"/><ce:date-revised day="15" month="6" year="2017"/><ce:date-accepted day="28" month="6" year="2017"/><ce:abstract id="abs0005" view="all" class="author"><ce:section-title id="sect0005">Abstract</ce:section-title><ce:abstract-sec id="abst0005" view="all"><ce:simple-para id="spar0045" view="all">This study presents a novel high-resolution simulation of free-surface flow and tracer retention over a streambed with ripples based on varying ripple morphologies, surface hydraulics and the transport of a tracer pulse from surface water to surface dead zone. For the simulations, the computational fluid dynamics (CFD) model OpenFOAM was used to solve the three-dimensional Navier-Stokes equations in combination with an implemented transport equation. Pressure gradients at the streambed were used to account for hyporheic exchange, assuming water flow from high pressure zones to low pressure zones. Flow velocities, ripple sizes and spacing showed to significantly affect these pressure gradients, but also the transport of a passive tracer at the streambed, which was not investigated so far. Due to the velocity field, large parts of the tracer mass were transported alongside the main stream above the ripples. Tracer mass reaching the space between the ripples was temporarily retained due to low velocities and recirculations. It was shown that the retention is depending on the ripple size and space between the ripples as well as on the flow velocity. Decreasing ripple sizes and higher flow velocities lead to a smaller tracer retention. Furthermore we showed that the ripple length to height ratio controls the generation of recirculation zones which affect the residence time of the tracer significantly. Ripple spacing leads to temporarily higher tracer concentration at the streambed, but smaller tracer retention. We conclude that the impact of the streambed morphology on the hydraulics in combination with tracer retention should be addressed for a comprehensive understanding of compound movement, exchange and transformation within the hyporheic zone.</ce:simple-para></ce:abstract-sec></ce:abstract><ce:keywords id="kwd0005" class="keyword" view="all"><ce:section-title id="sect0010">Keywords</ce:section-title><ce:keyword id="kw0005"><ce:text>Numerical modeling</ce:text></ce:keyword><ce:keyword id="kw0010"><ce:text>Ripples</ce:text></ce:keyword><ce:keyword id="kw0015"><ce:text>Hyporheic exchange</ce:text></ce:keyword><ce:keyword id="kw0020"><ce:text>Tracer retention</ce:text></ce:keyword><ce:keyword id="kw0025"><ce:text>Tracer transport</ce:text></ce:keyword><ce:keyword id="kw0030"><ce:text>Turbulence</ce:text></ce:keyword></ce:keywords></ja:head></ja:article></doc:document>
